ZAT,codigo_upz,nombre_upz,codigo_localidad,nombre_localidad,accesibilidad_arterial
810.0,,,,,2.0
809.0,,,,,1.0
823.0,,,,,0.0
822.0,,,,,0.0
821.0,,,,,0.0
796.0,61,CIUDAD USME,05,USME,23.0
800.0,,,,,1.0
811.0,,,,,0.0
820.0,,,,,0.0
812.0,,,,,0.0
819.0,,,,,0.0
824.0,,,,,0.0
801.0,,,,,0.0
815.0,,,,,0.0
1829.0,,,,,0.0
818.0,,,,,0.0
816.0,,,,,0.0
807.0,,,,,0.0
808.0,,,,,0.0
795.0,90,PARDO RUBIO,02,CHAPINERO,23.0
802.0,,,,,0.0
916.0,,,,,0.0
799.0,,,,,0.0
798.0,70,JERUSALEM,19,CIUDAD BOLIVAR,1.0
797.0,,,,,5.0
83.0,13,LOS CEDROS,01,USAQUEN,6.0
854.0,11,SAN CRISTOBAL NORTE,01,USAQUEN,3.0
57.0,11,SAN CRISTOBAL NORTE,01,USAQUEN,2.0
20.0,10,LA URIBE,01,USAQUEN,2.0
18.0,10,LA URIBE,01,USAQUEN,1.0
19.0,10,LA URIBE,01,USAQUEN,0.0
84.0,13,LOS CEDROS,01,USAQUEN,0.0
559.0,87,TINTAL SUR,07,BOSA,4.0
561.0,87,TINTAL SUR,07,BOSA,4.0
947.0,85,BOSA CENTRAL,07,BOSA,6.0
569.0,85,BOSA CENTRAL,07,BOSA,6.0
570.0,85,BOSA CENTRAL,07,BOSA,2.0
804.0,,,,,0.0
82.0,13,LOS CEDROS,01,USAQUEN,5.0
85.0,14,USAQUEN,01,USAQUEN,2.0
81.0,13,LOS CEDROS,01,USAQUEN,2.0
80.0,13,LOS CEDROS,01,USAQUEN,2.0
79.0,13,LOS CEDROS,01,USAQUEN,2.0
78.0,13,LOS CEDROS,01,USAQUEN,5.0
193.0,74,ENGATIVA,10,ENGATIVA,1.0
793.0,,,,,0.0
304.0,117,AEROPUERTO EL DORADO,09,FONTIBON,16.0
1841.0,,,,,0.0
1.0,2,LA ACADEMIA,11,SUBA,5.0
308.0,76,FONTIBON SAN PABLO,09,FONTIBON,3.0
805.0,,,,,0.0
310.0,76,FONTIBON SAN PABLO,09,FONTIBON,10.0
405.0,77,ZONA FRANCA,09,FONTIBON,3.0
407.0,77,ZONA FRANCA,09,FONTIBON,3.0
119.0,72,BOLIVIA,10,ENGATIVA,1.0
76.0,13,LOS CEDROS,01,USAQUEN,5.0
75.0,13,LOS CEDROS,01,USAQUEN,2.0
74.0,13,LOS CEDROS,01,USAQUEN,2.0
73.0,13,LOS CEDROS,01,USAQUEN,5.0
72.0,13,LOS CEDROS,01,USAQUEN,8.0
87.0,15,COUNTRY CLUB,01,USAQUEN,13.0
86.0,14,USAQUEN,01,USAQUEN,8.0
154.0,14,USAQUEN,01,USAQUEN,3.0
194.0,74,ENGATIVA,10,ENGATIVA,0.0
195.0,74,ENGATIVA,10,ENGATIVA,2.0
196.0,74,ENGATIVA,10,ENGATIVA,8.0
197.0,74,ENGATIVA,10,ENGATIVA,3.0
201.0,116,ALAMOS,10,ENGATIVA,8.0
191.0,73,GARCES NAVAS,10,ENGATIVA,4.0
190.0,73,GARCES NAVAS,10,ENGATIVA,9.0
302.0,116,ALAMOS,10,ENGATIVA,9.0
192.0,73,GARCES NAVAS,10,ENGATIVA,8.0
189.0,73,GARCES NAVAS,10,ENGATIVA,4.0
120.0,72,BOLIVIA,10,ENGATIVA,6.0
187.0,73,GARCES NAVAS,10,ENGATIVA,9.0
188.0,73,GARCES NAVAS,10,ENGATIVA,3.0
37.0,71,TIBABUYES,11,SUBA,6.0
38.0,27,SUBA,11,SUBA,4.0
36.0,71,TIBABUYES,11,SUBA,5.0
35.0,,,,,3.0
33.0,27,SUBA,11,SUBA,13.0
34.0,,,,,2.0
840.0,27,SUBA,11,SUBA,0.0
836.0,27,SUBA,11,SUBA,3.0
97.0,24,NIZA,11,SUBA,3.0
837.0,23,CASA BLANCA SUBA,11,SUBA,6.0
99.0,28,EL RINCON,11,SUBA,4.0
98.0,24,NIZA,11,SUBA,1.0
31.0,27,SUBA,11,SUBA,1.0
30.0,23,CASA BLANCA SUBA,11,SUBA,9.0
107.0,28,EL RINCON,11,SUBA,5.0
112.0,28,EL RINCON,11,SUBA,6.0
41.0,27,SUBA,11,SUBA,7.0
104.0,28,EL RINCON,11,SUBA,1.0
40.0,27,SUBA,11,SUBA,4.0
39.0,27,SUBA,11,SUBA,3.0
88.0,15,COUNTRY CLUB,01,USAQUEN,8.0
69.0,13,LOS CEDROS,01,USAQUEN,10.0
70.0,13,LOS CEDROS,01,USAQUEN,5.0
71.0,13,LOS CEDROS,01,USAQUEN,5.0
62.0,13,LOS CEDROS,01,USAQUEN,8.0
51.0,12,TOBERIN,01,USAQUEN,12.0
122.0,29,MINUTO DE DIOS,10,ENGATIVA,4.0
123.0,29,MINUTO DE DIOS,10,ENGATIVA,3.0
185.0,30,BOYACA REAL,10,ENGATIVA,5.0
186.0,30,BOYACA REAL,10,ENGATIVA,4.0
199.0,30,BOYACA REAL,10,ENGATIVA,4.0
121.0,29,MINUTO DE DIOS,10,ENGATIVA,2.0
103.0,28,EL RINCON,11,SUBA,3.0
102.0,24,NIZA,11,SUBA,1.0
101.0,28,EL RINCON,11,SUBA,3.0
100.0,28,EL RINCON,11,SUBA,1.0
105.0,28,EL RINCON,11,SUBA,3.0
96.0,24,NIZA,11,SUBA,5.0
132.0,24,NIZA,11,SUBA,3.0
95.0,24,NIZA,11,SUBA,5.0
839.0,24,NIZA,11,SUBA,6.0
89.0,19,EL PRADO,11,SUBA,6.0
68.0,19,EL PRADO,11,SUBA,4.0
93.0,24,NIZA,11,SUBA,12.0
67.0,19,EL PRADO,11,SUBA,10.0
92.0,24,NIZA,11,SUBA,5.0
44.0,23,CASA BLANCA SUBA,11,SUBA,6.0
66.0,19,EL PRADO,11,SUBA,5.0
45.0,23,CASA BLANCA SUBA,11,SUBA,2.0
46.0,18,BRITALIA,11,SUBA,6.0
126.0,28,EL RINCON,11,SUBA,2.0
125.0,29,MINUTO DE DIOS,10,ENGATIVA,6.0
129.0,29,MINUTO DE DIOS,10,ENGATIVA,3.0
184.0,30,BOYACA REAL,10,ENGATIVA,3.0
183.0,30,BOYACA REAL,10,ENGATIVA,2.0
127.0,25,LA FLORESTA,11,SUBA,5.0
91.0,19,EL PRADO,11,SUBA,3.0
140.0,20,LA ALHAMBRA,11,SUBA,5.0
139.0,24,NIZA,11,SUBA,8.0
852.0,16,SANTA BARBARA,01,USAQUEN,8.0
138.0,20,LA ALHAMBRA,11,SUBA,10.0
133.0,24,NIZA,11,SUBA,5.0
147.0,16,SANTA BARBARA,01,USAQUEN,11.0
851.0,16,SANTA BARBARA,01,USAQUEN,5.0
143.0,20,LA ALHAMBRA,11,SUBA,3.0
142.0,20,LA ALHAMBRA,11,SUBA,1.0
167.0,21,LOS ANDES,12,BARRIOS UNIDOS,7.0
153.0,14,USAQUEN,01,USAQUEN,8.0
152.0,14,USAQUEN,01,USAQUEN,7.0
148.0,16,SANTA BARBARA,01,USAQUEN,10.0
850.0,16,SANTA BARBARA,01,USAQUEN,5.0
849.0,97,CHICO LAGO,02,CHAPINERO,11.0
764.0,61,CIUDAD USME,05,USME,3.0
770.0,,,,,0.0
668.0,70,JERUSALEM,19,CIUDAD BOLIVAR,1.0
713.0,67,LUCERO,19,CIUDAD BOLIVAR,3.0
714.0,67,LUCERO,19,CIUDAD BOLIVAR,0.0
721.0,67,LUCERO,19,CIUDAD BOLIVAR,0.0
771.0,,,,,0.0
772.0,,,,,0.0
769.0,69,ISMAEL PERDOMO,19,CIUDAD BOLIVAR,0.0
666.0,69,ISMAEL PERDOMO,19,CIUDAD BOLIVAR,0.0
667.0,70,JERUSALEM,19,CIUDAD BOLIVAR,1.0
669.0,70,JERUSALEM,19,CIUDAD BOLIVAR,6.0
671.0,70,JERUSALEM,19,CIUDAD BOLIVAR,2.0
776.0,,,,,0.0
774.0,,,,,0.0
778.0,,,,,0.0
777.0,,,,,0.0
782.0,,,,,0.0
544.0,85,BOSA CENTRAL,07,BOSA,9.0
545.0,48,TIMIZA,08,KENNEDY,0.0
766.0,85,BOSA CENTRAL,07,BOSA,0.0
543.0,49,APOGEO,07,BOSA,3.0
775.0,,,,,0.0
945.0,69,ISMAEL PERDOMO,19,CIUDAD BOLIVAR,4.0
623.0,69,ISMAEL PERDOMO,19,CIUDAD BOLIVAR,1.0
768.0,69,ISMAEL PERDOMO,19,CIUDAD BOLIVAR,0.0
567.0,85,BOSA CENTRAL,07,BOSA,1.0
568.0,85,BOSA CENTRAL,07,BOSA,5.0
553.0,86,EL PORVENIR,07,BOSA,8.0
555.0,86,EL PORVENIR,07,BOSA,2.0
556.0,86,EL PORVENIR,07,BOSA,9.0
558.0,87,TINTAL SUR,07,BOSA,15.0
554.0,86,EL PORVENIR,07,BOSA,5.0
560.0,84,BOSA OCCIDENTAL,07,BOSA,7.0
563.0,84,BOSA OCCIDENTAL,07,BOSA,3.0
530.0,83,LAS MARGARITAS,08,KENNEDY,7.0
624.0,69,ISMAEL PERDOMO,19,CIUDAD BOLIVAR,0.0
625.0,69,ISMAEL PERDOMO,19,CIUDAD BOLIVAR,2.0
665.0,70,JERUSALEM,19,CIUDAD BOLIVAR,3.0
565.0,85,BOSA CENTRAL,07,BOSA,5.0
566.0,85,BOSA CENTRAL,07,BOSA,1.0
564.0,84,BOSA OCCIDENTAL,07,BOSA,4.0
548.0,81,GRAN BRITALIA,08,KENNEDY,6.0
550.0,84,BOSA OCCIDENTAL,07,BOSA,6.0
552.0,84,BOSA OCCIDENTAL,07,BOSA,2.0
551.0,84,BOSA OCCIDENTAL,07,BOSA,8.0
786.0,,,,,0.0
787.0,,,,,0.0
788.0,,,,,0.0
781.0,,,,,0.0
783.0,,,,,0.0
784.0,,,,,0.0
780.0,,,,,0.0
779.0,,,,,0.0
785.0,,,,,0.0
765.0,85,BOSA CENTRAL,07,BOSA,0.0
557.0,87,TINTAL SUR,07,BOSA,8.0
248.0,88,EL REFUGIO,02,CHAPINERO,3.0
244.0,88,EL REFUGIO,02,CHAPINERO,3.0
264.0,88,EL REFUGIO,02,CHAPINERO,9.0
265.0,88,EL REFUGIO,02,CHAPINERO,12.0
158.0,14,USAQUEN,01,USAQUEN,2.0
250.0,90,PARDO RUBIO,02,CHAPINERO,2.0
266.0,90,PARDO RUBIO,02,CHAPINERO,2.0
484.0,96,LOURDES,03,SANTA FE,0.0
479.0,92,LA MACARENA,03,SANTA FE,2.0
478.0,94,LA CANDELARIA,17,CANDELARIA,3.0
477.0,94,LA CANDELARIA,17,CANDELARIA,11.0
485.0,96,LOURDES,03,SANTA FE,0.0
156.0,14,USAQUEN,01,USAQUEN,1.0
157.0,14,USAQUEN,01,USAQUEN,0.0
243.0,88,EL REFUGIO,02,CHAPINERO,5.0
263.0,88,EL REFUGIO,02,CHAPINERO,5.0
262.0,88,EL REFUGIO,02,CHAPINERO,5.0
261.0,88,EL REFUGIO,02,CHAPINERO,10.0
260.0,88,EL REFUGIO,02,CHAPINERO,2.0
245.0,88,EL REFUGIO,02,CHAPINERO,2.0
252.0,90,PARDO RUBIO,02,CHAPINERO,2.0
253.0,88,EL REFUGIO,02,CHAPINERO,3.0
847.0,97,CHICO LAGO,02,CHAPINERO,5.0
251.0,90,PARDO RUBIO,02,CHAPINERO,7.0
482.0,96,LOURDES,03,SANTA FE,3.0
475.0,94,LA CANDELARIA,17,CANDELARIA,4.0
458.0,94,LA CANDELARIA,17,CANDELARIA,2.0
476.0,94,LA CANDELARIA,17,CANDELARIA,4.0
480.0,96,LOURDES,03,SANTA FE,4.0
456.0,93,LAS NIEVES,03,SANTA FE,5.0
993.0,93,LAS NIEVES,03,SANTA FE,4.0
350.0,92,LA MACARENA,03,SANTA FE,8.0
486.0,96,LOURDES,03,SANTA FE,0.0
487.0,96,LOURDES,03,SANTA FE,0.0
155.0,14,USAQUEN,01,USAQUEN,3.0
151.0,14,USAQUEN,01,USAQUEN,8.0
259.0,97,CHICO LAGO,02,CHAPINERO,8.0
149.0,16,SANTA BARBARA,01,USAQUEN,3.0
150.0,14,USAQUEN,01,USAQUEN,3.0
258.0,97,CHICO LAGO,02,CHAPINERO,10.0
257.0,97,CHICO LAGO,02,CHAPINERO,5.0
256.0,97,CHICO LAGO,02,CHAPINERO,5.0
242.0,97,CHICO LAGO,02,CHAPINERO,5.0
488.0,96,LOURDES,03,SANTA FE,1.0
473.0,96,LOURDES,03,SANTA FE,3.0
460.0,94,LA CANDELARIA,17,CANDELARIA,3.0
474.0,94,LA CANDELARIA,17,CANDELARIA,4.0
459.0,94,LA CANDELARIA,17,CANDELARIA,2.0
457.0,94,LA CANDELARIA,17,CANDELARIA,3.0
664.0,70,JERUSALEM,19,CIUDAD BOLIVAR,3.0
165.0,97,CHICO LAGO,02,CHAPINERO,7.0
164.0,97,CHICO LAGO,02,CHAPINERO,5.0
168.0,98,LOS ALCAZARES,12,BARRIOS UNIDOS,14.0
241.0,97,CHICO LAGO,02,CHAPINERO,4.0
224.0,98,LOS ALCAZARES,12,BARRIOS UNIDOS,6.0
246.0,97,CHICO LAGO,02,CHAPINERO,1.0
472.0,96,LOURDES,03,SANTA FE,3.0
491.0,96,LOURDES,03,SANTA FE,1.0
471.0,32,SAN BLAS,04,SAN CRISTOBAL,3.0
461.0,95,LAS CRUCES,03,SANTA FE,3.0
489.0,96,LOURDES,03,SANTA FE,0.0
490.0,96,LOURDES,03,SANTA FE,0.0
492.0,32,SAN BLAS,04,SAN CRISTOBAL,6.0
452.0,95,LAS CRUCES,03,SANTA FE,8.0
493.0,32,SAN BLAS,04,SAN CRISTOBAL,0.0
602.0,32,SAN BLAS,04,SAN CRISTOBAL,6.0
453.0,93,LAS NIEVES,03,SANTA FE,5.0
604.0,32,SAN BLAS,04,SAN CRISTOBAL,0.0
443.0,102,LA SABANA,14,LOS MARTIRES,6.0
454.0,93,LAS NIEVES,03,SANTA FE,15.0
465.0,33,SOSIEGO,04,SAN CRISTOBAL,1.0
470.0,33,SOSIEGO,04,SAN CRISTOBAL,5.0
469.0,33,SOSIEGO,04,SAN CRISTOBAL,0.0
462.0,95,LAS CRUCES,03,SANTA FE,4.0
494.0,33,SOSIEGO,04,SAN CRISTOBAL,2.0
621.0,69,ISMAEL PERDOMO,19,CIUDAD BOLIVAR,4.0
963.0,70,JERUSALEM,19,CIUDAD BOLIVAR,3.0
662.0,66,SAN FRANCISCO,19,CIUDAD BOLIVAR,5.0
661.0,66,SAN FRANCISCO,19,CIUDAD BOLIVAR,4.0
663.0,66,SAN FRANCISCO,19,CIUDAD BOLIVAR,1.0
670.0,66,SAN FRANCISCO,19,CIUDAD BOLIVAR,1.0
672.0,66,SAN FRANCISCO,19,CIUDAD BOLIVAR,1.0
712.0,67,LUCERO,19,CIUDAD BOLIVAR,2.0
622.0,69,ISMAEL PERDOMO,19,CIUDAD BOLIVAR,1.0
442.0,102,LA SABANA,14,LOS MARTIRES,5.0
355.0,93,LAS NIEVES,03,SANTA FE,12.0
455.0,93,LAS NIEVES,03,SANTA FE,5.0
463.0,33,SOSIEGO,04,SAN CRISTOBAL,3.0
464.0,33,SOSIEGO,04,SAN CRISTOBAL,1.0
466.0,33,SOSIEGO,04,SAN CRISTOBAL,4.0
451.0,35,CIUDAD JARDIN,15,ANTONIO NARIÑO,5.0
468.0,33,SOSIEGO,04,SAN CRISTOBAL,1.0
446.0,37,SANTA ISABEL,14,LOS MARTIRES,7.0
969.0,33,SOSIEGO,04,SAN CRISTOBAL,4.0
445.0,37,SANTA ISABEL,14,LOS MARTIRES,9.0
444.0,102,LA SABANA,14,LOS MARTIRES,9.0
449.0,35,CIUDAD JARDIN,15,ANTONIO NARIÑO,5.0
448.0,35,CIUDAD JARDIN,15,ANTONIO NARIÑO,5.0
500.0,35,CIUDAD JARDIN,15,ANTONIO NARIÑO,5.0
499.0,33,SOSIEGO,04,SAN CRISTOBAL,3.0
467.0,33,SOSIEGO,04,SAN CRISTOBAL,1.0
498.0,33,SOSIEGO,04,SAN CRISTOBAL,0.0
497.0,33,SOSIEGO,04,SAN CRISTOBAL,1.0
968.0,33,SOSIEGO,04,SAN CRISTOBAL,2.0
620.0,65,ARBORIZADORA,19,CIUDAD BOLIVAR,3.0
572.0,65,ARBORIZADORA,19,CIUDAD BOLIVAR,3.0
627.0,65,ARBORIZADORA,19,CIUDAD BOLIVAR,3.0
628.0,65,ARBORIZADORA,19,CIUDAD BOLIVAR,5.0
629.0,65,ARBORIZADORA,19,CIUDAD BOLIVAR,4.0
630.0,42,VENECIA,06,TUNJUELITO,6.0
659.0,62,TUNJUELITO,06,TUNJUELITO,3.0
660.0,66,SAN FRANCISCO,19,CIUDAD BOLIVAR,8.0
573.0,42,VENECIA,06,TUNJUELITO,2.0
450.0,35,CIUDAD JARDIN,15,ANTONIO NARIÑO,2.0
447.0,38,RESTREPO,15,ANTONIO NARIÑO,9.0
438.0,37,SANTA ISABEL,14,LOS MARTIRES,4.0
434.0,37,SANTA ISABEL,14,LOS MARTIRES,7.0
439.0,37,SANTA ISABEL,14,LOS MARTIRES,5.0
432.0,40,CIUDAD MONTES,16,PUENTE ARANDA,8.0
433.0,102,LA SABANA,14,LOS MARTIRES,11.0
440.0,102,LA SABANA,14,LOS MARTIRES,2.0
501.0,38,RESTREPO,15,ANTONIO NARIÑO,8.0
619.0,42,VENECIA,06,TUNJUELITO,3.0
618.0,42,VENECIA,06,TUNJUELITO,4.0
631.0,42,VENECIA,06,TUNJUELITO,6.0
632.0,42,VENECIA,06,TUNJUELITO,8.0
987.0,42,VENECIA,06,TUNJUELITO,5.0
657.0,62,TUNJUELITO,06,TUNJUELITO,8.0
658.0,62,TUNJUELITO,06,TUNJUELITO,4.0
675.0,67,LUCERO,19,CIUDAD BOLIVAR,4.0
674.0,67,LUCERO,19,CIUDAD BOLIVAR,2.0
634.0,39,QUIROGA,18,RAFAEL URIBE URIBE,12.0
979.0,54,MARRUECOS,18,RAFAEL URIBE URIBE,5.0
677.0,62,TUNJUELITO,06,TUNJUELITO,4.0
676.0,62,TUNJUELITO,06,TUNJUELITO,2.0
708.0,67,LUCERO,19,CIUDAD BOLIVAR,1.0
709.0,67,LUCERO,19,CIUDAD BOLIVAR,3.0
710.0,67,LUCERO,19,CIUDAD BOLIVAR,0.0
711.0,67,LUCERO,19,CIUDAD BOLIVAR,1.0
502.0,38,RESTREPO,15,ANTONIO NARIÑO,9.0
437.0,38,RESTREPO,15,ANTONIO NARIÑO,6.0
436.0,37,SANTA ISABEL,14,LOS MARTIRES,6.0
431.0,40,CIUDAD MONTES,16,PUENTE ARANDA,3.0
435.0,37,SANTA ISABEL,14,LOS MARTIRES,3.0
430.0,40,CIUDAD MONTES,16,PUENTE ARANDA,3.0
587.0,39,QUIROGA,18,RAFAEL URIBE URIBE,3.0
588.0,39,QUIROGA,18,RAFAEL URIBE URIBE,7.0
586.0,39,QUIROGA,18,RAFAEL URIBE URIBE,4.0
975.0,36,SAN JOSE,18,RAFAEL URIBE URIBE,0.0
637.0,53,MARCO FIDEL SUAREZ,18,RAFAEL URIBE URIBE,1.0
609.0,36,SAN JOSE,18,RAFAEL URIBE URIBE,4.0
638.0,53,MARCO FIDEL SUAREZ,18,RAFAEL URIBE URIBE,2.0
655.0,54,MARRUECOS,18,RAFAEL URIBE URIBE,3.0
977.0,53,MARCO FIDEL SUAREZ,18,RAFAEL URIBE URIBE,1.0
973.0,54,MARRUECOS,18,RAFAEL URIBE URIBE,3.0
636.0,53,MARCO FIDEL SUAREZ,18,RAFAEL URIBE URIBE,3.0
654.0,54,MARRUECOS,18,RAFAEL URIBE URIBE,2.0
679.0,54,MARRUECOS,18,RAFAEL URIBE URIBE,3.0
678.0,62,TUNJUELITO,06,TUNJUELITO,3.0
680.0,54,MARRUECOS,18,RAFAEL URIBE URIBE,4.0
614.0,39,QUIROGA,18,RAFAEL URIBE URIBE,5.0
613.0,39,QUIROGA,18,RAFAEL URIBE URIBE,5.0
612.0,39,QUIROGA,18,RAFAEL URIBE URIBE,5.0
611.0,53,MARCO FIDEL SUAREZ,18,RAFAEL URIBE URIBE,3.0
585.0,39,QUIROGA,18,RAFAEL URIBE URIBE,2.0
982.0,39,QUIROGA,18,RAFAEL URIBE URIBE,3.0
591.0,36,SAN JOSE,18,RAFAEL URIBE URIBE,3.0
590.0,36,SAN JOSE,18,RAFAEL URIBE URIBE,5.0
592.0,36,SAN JOSE,18,RAFAEL URIBE URIBE,6.0
615.0,39,QUIROGA,18,RAFAEL URIBE URIBE,4.0
616.0,42,VENECIA,06,TUNJUELITO,4.0
576.0,42,VENECIA,06,TUNJUELITO,3.0
617.0,42,VENECIA,06,TUNJUELITO,2.0
574.0,42,VENECIA,06,TUNJUELITO,3.0
584.0,39,QUIROGA,18,RAFAEL URIBE URIBE,5.0
581.0,38,RESTREPO,15,ANTONIO NARIÑO,3.0
582.0,38,RESTREPO,15,ANTONIO NARIÑO,5.0
504.0,38,RESTREPO,15,ANTONIO NARIÑO,5.0
593.0,34,20 DE JULIO,04,SAN CRISTOBAL,6.0
505.0,38,RESTREPO,15,ANTONIO NARIÑO,6.0
986.0,38,RESTREPO,15,ANTONIO NARIÑO,4.0
583.0,39,QUIROGA,18,RAFAEL URIBE URIBE,3.0
694.0,51,LOS LIBERTADORES,04,SAN CRISTOBAL,1.0
695.0,51,LOS LIBERTADORES,04,SAN CRISTOBAL,1.0
696.0,51,LOS LIBERTADORES,04,SAN CRISTOBAL,1.0
698.0,50,LA GLORIA,04,SAN CRISTOBAL,1.0
697.0,50,LA GLORIA,04,SAN CRISTOBAL,0.0
647.0,50,LA GLORIA,04,SAN CRISTOBAL,0.0
700.0,51,LOS LIBERTADORES,04,SAN CRISTOBAL,1.0
756.0,58,COMUNEROS,05,USME,3.0
755.0,58,COMUNEROS,05,USME,6.0
759.0,61,CIUDAD USME,05,USME,1.0
762.0,61,CIUDAD USME,05,USME,3.0
746.0,61,CIUDAD USME,05,USME,3.0
738.0,64,MONTE BLANCO,19,CIUDAD BOLIVAR,3.0
757.0,58,COMUNEROS,05,USME,1.0
758.0,64,MONTE BLANCO,19,CIUDAD BOLIVAR,0.0
685.0,60,PARQUE ENTRENUBES,05,USME,0.0
701.0,52,LA FLORA,05,USME,2.0
693.0,51,LOS LIBERTADORES,04,SAN CRISTOBAL,1.0
747.0,52,LA FLORA,05,USME,1.0
749.0,52,LA FLORA,05,USME,1.0
692.0,51,LOS LIBERTADORES,04,SAN CRISTOBAL,1.0
691.0,51,LOS LIBERTADORES,04,SAN CRISTOBAL,1.0
690.0,50,LA GLORIA,04,SAN CRISTOBAL,1.0
753.0,58,COMUNEROS,05,USME,2.0
760.0,59,ALFONSO LOPEZ,05,USME,1.0
761.0,59,ALFONSO LOPEZ,05,USME,1.0
750.0,59,ALFONSO LOPEZ,05,USME,0.0
737.0,58,COMUNEROS,05,USME,3.0
730.0,63,EL MOCHUELO,19,CIUDAD BOLIVAR,1.0
739.0,58,COMUNEROS,05,USME,1.0
734.0,57,GRAN YOMASA,05,USME,0.0
702.0,56,DANUBIO,05,USME,0.0
684.0,55,DIANA TURBAY,18,RAFAEL URIBE URIBE,0.0
682.0,55,DIANA TURBAY,18,RAFAEL URIBE URIBE,2.0
686.0,51,LOS LIBERTADORES,04,SAN CRISTOBAL,5.0
735.0,57,GRAN YOMASA,05,USME,1.0
741.0,58,COMUNEROS,05,USME,3.0
961.0,58,COMUNEROS,05,USME,4.0
744.0,57,GRAN YOMASA,05,USME,2.0
745.0,57,GRAN YOMASA,05,USME,2.0
743.0,57,GRAN YOMASA,05,USME,1.0
740.0,57,GRAN YOMASA,05,USME,4.0
736.0,57,GRAN YOMASA,05,USME,2.0
732.0,57,GRAN YOMASA,05,USME,7.0
733.0,57,GRAN YOMASA,05,USME,2.0
731.0,56,DANUBIO,05,USME,2.0
704.0,56,DANUBIO,05,USME,1.0
703.0,56,DANUBIO,05,USME,1.0
649.0,50,LA GLORIA,04,SAN CRISTOBAL,4.0
688.0,50,LA GLORIA,04,SAN CRISTOBAL,2.0
689.0,51,LOS LIBERTADORES,04,SAN CRISTOBAL,3.0
318.0,114,MODELIA,09,FONTIBON,5.0
652.0,54,MARRUECOS,18,RAFAEL URIBE URIBE,0.0
651.0,55,DIANA TURBAY,18,RAFAEL URIBE URIBE,2.0
650.0,50,LA GLORIA,04,SAN CRISTOBAL,2.0
644.0,50,LA GLORIA,04,SAN CRISTOBAL,4.0
687.0,50,LA GLORIA,04,SAN CRISTOBAL,2.0
642.0,34,20 DE JULIO,04,SAN CRISTOBAL,3.0
643.0,32,SAN BLAS,04,SAN CRISTOBAL,5.0
681.0,55,DIANA TURBAY,18,RAFAEL URIBE URIBE,3.0
705.0,63,EL MOCHUELO,19,CIUDAD BOLIVAR,1.0
706.0,63,EL MOCHUELO,19,CIUDAD BOLIVAR,3.0
729.0,68,EL TESORO,19,CIUDAD BOLIVAR,1.0
639.0,34,20 DE JULIO,04,SAN CRISTOBAL,4.0
970.0,34,20 DE JULIO,04,SAN CRISTOBAL,3.0
971.0,34,20 DE JULIO,04,SAN CRISTOBAL,0.0
594.0,34,20 DE JULIO,04,SAN CRISTOBAL,1.0
606.0,34,20 DE JULIO,04,SAN CRISTOBAL,1.0
595.0,34,20 DE JULIO,04,SAN CRISTOBAL,5.0
723.0,68,EL TESORO,19,CIUDAD BOLIVAR,0.0
725.0,68,EL TESORO,19,CIUDAD BOLIVAR,2.0
726.0,68,EL TESORO,19,CIUDAD BOLIVAR,1.0
722.0,68,EL TESORO,19,CIUDAD BOLIVAR,0.0
720.0,67,LUCERO,19,CIUDAD BOLIVAR,0.0
719.0,67,LUCERO,19,CIUDAD BOLIVAR,0.0
724.0,68,EL TESORO,19,CIUDAD BOLIVAR,0.0
727.0,68,EL TESORO,19,CIUDAD BOLIVAR,4.0
716.0,67,LUCERO,19,CIUDAD BOLIVAR,1.0
715.0,67,LUCERO,19,CIUDAD BOLIVAR,4.0
707.0,63,EL MOCHUELO,19,CIUDAD BOLIVAR,1.0
717.0,67,LUCERO,19,CIUDAD BOLIVAR,2.0
718.0,67,LUCERO,19,CIUDAD BOLIVAR,3.0
728.0,68,EL TESORO,19,CIUDAD BOLIVAR,5.0
748.0,52,LA FLORA,05,USME,3.0
751.0,59,ALFONSO LOPEZ,05,USME,4.0
742.0,57,GRAN YOMASA,05,USME,2.0
967.0,32,SAN BLAS,04,SAN CRISTOBAL,3.0
646.0,32,SAN BLAS,04,SAN CRISTOBAL,0.0
600.0,32,SAN BLAS,04,SAN CRISTOBAL,6.0
599.0,32,SAN BLAS,04,SAN CRISTOBAL,5.0
598.0,32,SAN BLAS,04,SAN CRISTOBAL,6.0
645.0,32,SAN BLAS,04,SAN CRISTOBAL,3.0
648.0,50,LA GLORIA,04,SAN CRISTOBAL,1.0
699.0,50,LA GLORIA,04,SAN CRISTOBAL,1.0
597.0,34,20 DE JULIO,04,SAN CRISTOBAL,4.0
596.0,34,20 DE JULIO,04,SAN CRISTOBAL,1.0
640.0,50,LA GLORIA,04,SAN CRISTOBAL,2.0
683.0,55,DIANA TURBAY,18,RAFAEL URIBE URIBE,0.0
972.0,50,LA GLORIA,04,SAN CRISTOBAL,1.0
603.0,32,SAN BLAS,04,SAN CRISTOBAL,0.0
601.0,32,SAN BLAS,04,SAN CRISTOBAL,1.0
529.0,82,PATIO BONITO,08,KENNEDY,4.0
414.0,82,PATIO BONITO,08,KENNEDY,3.0
413.0,79,CALANDAIMA,08,KENNEDY,8.0
994.0,78,TINTAL NORTE,08,KENNEDY,2.0
398.0,77,ZONA FRANCA,09,FONTIBON,4.0
397.0,75,FONTIBON,09,FONTIBON,4.0
317.0,112,GRANJAS DE TECHO,09,FONTIBON,10.0
955.0,112,GRANJAS DE TECHO,09,FONTIBON,9.0
392.0,112,GRANJAS DE TECHO,09,FONTIBON,7.0
255.0,99,CHAPINERO,02,CHAPINERO,14.0
848.0,97,CHICO LAGO,02,CHAPINERO,5.0
240.0,98,LOS ALCAZARES,12,BARRIOS UNIDOS,5.0
234.0,98,LOS ALCAZARES,12,BARRIOS UNIDOS,6.0
396.0,79,CALANDAIMA,08,KENNEDY,8.0
412.0,82,PATIO BONITO,08,KENNEDY,5.0
415.0,82,PATIO BONITO,08,KENNEDY,6.0
528.0,82,PATIO BONITO,08,KENNEDY,6.0
527.0,80,CORABASTOS,08,KENNEDY,4.0
391.0,46,CASTILLA,08,KENNEDY,5.0
950.0,46,CASTILLA,08,KENNEDY,4.0
998.0,115,CAPELLANIA,09,FONTIBON,3.0
305.0,115,CAPELLANIA,09,FONTIBON,2.0
314.0,75,FONTIBON,09,FONTIBON,12.0
311.0,75,FONTIBON,09,FONTIBON,7.0
312.0,75,FONTIBON,09,FONTIBON,5.0
403.0,75,FONTIBON,09,FONTIBON,3.0
239.0,98,LOS ALCAZARES,12,BARRIOS UNIDOS,5.0
236.0,98,LOS ALCAZARES,12,BARRIOS UNIDOS,1.0
235.0,98,LOS ALCAZARES,12,BARRIOS UNIDOS,5.0
231.0,98,LOS ALCAZARES,12,BARRIOS UNIDOS,5.0
232.0,98,LOS ALCAZARES,12,BARRIOS UNIDOS,3.0
324.0,112,GRANJAS DE TECHO,09,FONTIBON,19.0
388.0,113,BAVARIA,08,KENNEDY,2.0
389.0,46,CASTILLA,08,KENNEDY,10.0
417.0,47,KENNEDY CENTRAL,08,KENNEDY,5.0
408.0,46,CASTILLA,08,KENNEDY,3.0
390.0,46,CASTILLA,08,KENNEDY,1.0
526.0,47,KENNEDY CENTRAL,08,KENNEDY,3.0
409.0,46,CASTILLA,08,KENNEDY,6.0
321.0,114,MODELIA,09,FONTIBON,7.0
322.0,110,CIUDAD SALITRE OCCIDENTAL,09,FONTIBON,14.0
319.0,114,MODELIA,09,FONTIBON,4.0
954.0,114,MODELIA,09,FONTIBON,4.0
320.0,114,MODELIA,09,FONTIBON,4.0
198.0,73,GARCES NAVAS,10,ENGATIVA,3.0
200.0,30,BOYACA REAL,10,ENGATIVA,7.0
204.0,31,SANTA CECILIA,10,ENGATIVA,6.0
301.0,31,SANTA CECILIA,10,ENGATIVA,8.0
303.0,31,SANTA CECILIA,10,ENGATIVA,6.0
238.0,98,LOS ALCAZARES,12,BARRIOS UNIDOS,1.0
237.0,98,LOS ALCAZARES,12,BARRIOS UNIDOS,3.0
230.0,98,LOS ALCAZARES,12,BARRIOS UNIDOS,4.0
227.0,98,LOS ALCAZARES,12,BARRIOS UNIDOS,3.0
226.0,98,LOS ALCAZARES,12,BARRIOS UNIDOS,5.0
282.0,100,GALERIAS,13,TEUSAQUILLO,11.0
281.0,100,GALERIAS,13,TEUSAQUILLO,7.0
275.0,99,CHAPINERO,02,CHAPINERO,21.0
274.0,90,PARDO RUBIO,02,CHAPINERO,5.0
273.0,90,PARDO RUBIO,02,CHAPINERO,5.0
267.0,90,PARDO RUBIO,02,CHAPINERO,1.0
283.0,100,GALERIAS,13,TEUSAQUILLO,5.0
286.0,100,GALERIAS,13,TEUSAQUILLO,9.0
288.0,100,GALERIAS,13,TEUSAQUILLO,8.0
285.0,100,GALERIAS,13,TEUSAQUILLO,6.0
287.0,100,GALERIAS,13,TEUSAQUILLO,2.0
279.0,101,TEUSAQUILLO,13,TEUSAQUILLO,6.0
280.0,100,GALERIAS,13,TEUSAQUILLO,3.0
276.0,99,CHAPINERO,02,CHAPINERO,13.0
277.0,99,CHAPINERO,02,CHAPINERO,8.0
272.0,90,PARDO RUBIO,02,CHAPINERO,7.0
271.0,99,CHAPINERO,02,CHAPINERO,5.0
343.0,91,SAGRADO CORAZON,03,SANTA FE,5.0
290.0,106,LA ESMERALDA,13,TEUSAQUILLO,11.0
325.0,112,GRANJAS DE TECHO,09,FONTIBON,15.0
385.0,113,BAVARIA,08,KENNEDY,12.0
386.0,113,BAVARIA,08,KENNEDY,5.0
953.0,113,BAVARIA,08,KENNEDY,2.0
421.0,44,AMERICAS,08,KENNEDY,6.0
419.0,44,AMERICAS,08,KENNEDY,7.0
326.0,111,PUENTE ARANDA,16,PUENTE ARANDA,22.0
327.0,109,CIUDAD SALITRE ORIENTAL,13,TEUSAQUILLO,15.0
291.0,106,LA ESMERALDA,13,TEUSAQUILLO,3.0
220.0,103,PARQUE SALITRE,12,BARRIOS UNIDOS,3.0
219.0,103,PARQUE SALITRE,12,BARRIOS UNIDOS,6.0
218.0,22,DOCE DE OCTUBRE,12,BARRIOS UNIDOS,4.0
217.0,22,DOCE DE OCTUBRE,12,BARRIOS UNIDOS,3.0
221.0,22,DOCE DE OCTUBRE,12,BARRIOS UNIDOS,3.0
225.0,98,LOS ALCAZARES,12,BARRIOS UNIDOS,3.0
292.0,106,LA ESMERALDA,13,TEUSAQUILLO,7.0
174.0,22,DOCE DE OCTUBRE,12,BARRIOS UNIDOS,0.0
222.0,22,DOCE DE OCTUBRE,12,BARRIOS UNIDOS,5.0
295.0,106,LA ESMERALDA,13,TEUSAQUILLO,5.0
298.0,104,PARQUE SIMON BOLIVAR - CAN,13,TEUSAQUILLO,7.0
294.0,104,PARQUE SIMON BOLIVAR - CAN,13,TEUSAQUILLO,5.0
293.0,106,LA ESMERALDA,13,TEUSAQUILLO,4.0
289.0,104,PARQUE SIMON BOLIVAR - CAN,13,TEUSAQUILLO,8.0
991.0,101,TEUSAQUILLO,13,TEUSAQUILLO,5.0
278.0,101,TEUSAQUILLO,13,TEUSAQUILLO,6.0
341.0,101,TEUSAQUILLO,13,TEUSAQUILLO,3.0
344.0,101,TEUSAQUILLO,13,TEUSAQUILLO,10.0
342.0,91,SAGRADO CORAZON,03,SANTA FE,8.0
381.0,43,SAN RAFAEL,16,PUENTE ARANDA,5.0
965.0,44,AMERICAS,08,KENNEDY,3.0
422.0,44,AMERICAS,08,KENNEDY,2.0
420.0,44,AMERICAS,08,KENNEDY,3.0
520.0,45,CARVAJAL,08,KENNEDY,5.0
522.0,47,KENNEDY CENTRAL,08,KENNEDY,4.0
418.0,47,KENNEDY CENTRAL,08,KENNEDY,2.0
384.0,111,PUENTE ARANDA,16,PUENTE ARANDA,8.0
382.0,43,SAN RAFAEL,16,PUENTE ARANDA,5.0
988.0,43,SAN RAFAEL,16,PUENTE ARANDA,1.0
425.0,40,CIUDAD MONTES,16,PUENTE ARANDA,3.0
423.0,44,AMERICAS,08,KENNEDY,4.0
516.0,41,MUZU,16,PUENTE ARANDA,3.0
513.0,41,MUZU,16,PUENTE ARANDA,3.0
517.0,45,CARVAJAL,08,KENNEDY,6.0
380.0,43,SAN RAFAEL,16,PUENTE ARANDA,2.0
329.0,111,PUENTE ARANDA,16,PUENTE ARANDA,9.0
369.0,108,ZONA INDUSTRIAL,16,PUENTE ARANDA,6.0
368.0,108,ZONA INDUSTRIAL,16,PUENTE ARANDA,5.0
370.0,108,ZONA INDUSTRIAL,16,PUENTE ARANDA,8.0
374.0,43,SAN RAFAEL,16,PUENTE ARANDA,6.0
367.0,108,ZONA INDUSTRIAL,16,PUENTE ARANDA,13.0
371.0,108,ZONA INDUSTRIAL,16,PUENTE ARANDA,9.0
373.0,40,CIUDAD MONTES,16,PUENTE ARANDA,5.0
952.0,107,QUINTA PAREDES,13,TEUSAQUILLO,3.0
365.0,108,ZONA INDUSTRIAL,16,PUENTE ARANDA,5.0
364.0,108,ZONA INDUSTRIAL,16,PUENTE ARANDA,11.0
427.0,40,CIUDAD MONTES,16,PUENTE ARANDA,7.0
428.0,40,CIUDAD MONTES,16,PUENTE ARANDA,4.0
426.0,40,CIUDAD MONTES,16,PUENTE ARANDA,5.0
372.0,40,CIUDAD MONTES,16,PUENTE ARANDA,5.0
377.0,43,SAN RAFAEL,16,PUENTE ARANDA,3.0
376.0,43,SAN RAFAEL,16,PUENTE ARANDA,1.0
375.0,43,SAN RAFAEL,16,PUENTE ARANDA,3.0
506.0,40,CIUDAD MONTES,16,PUENTE ARANDA,7.0
985.0,38,RESTREPO,15,ANTONIO NARIÑO,4.0
507.0,40,CIUDAD MONTES,16,PUENTE ARANDA,6.0
510.0,41,MUZU,16,PUENTE ARANDA,3.0
515.0,41,MUZU,16,PUENTE ARANDA,1.0
514.0,41,MUZU,16,PUENTE ARANDA,0.0
512.0,41,MUZU,16,PUENTE ARANDA,1.0
575.0,42,VENECIA,06,TUNJUELITO,5.0
539.0,45,CARVAJAL,08,KENNEDY,5.0
540.0,45,CARVAJAL,08,KENNEDY,6.0
328.0,111,PUENTE ARANDA,16,PUENTE ARANDA,18.0
378.0,43,SAN RAFAEL,16,PUENTE ARANDA,1.0
330.0,107,QUINTA PAREDES,13,TEUSAQUILLO,8.0
332.0,111,PUENTE ARANDA,16,PUENTE ARANDA,6.0
379.0,43,SAN RAFAEL,16,PUENTE ARANDA,1.0
508.0,41,MUZU,16,PUENTE ARANDA,3.0
509.0,41,MUZU,16,PUENTE ARANDA,5.0
531.0,81,GRAN BRITALIA,08,KENNEDY,4.0
532.0,81,GRAN BRITALIA,08,KENNEDY,5.0
533.0,47,KENNEDY CENTRAL,08,KENNEDY,5.0
546.0,48,TIMIZA,08,KENNEDY,1.0
547.0,48,TIMIZA,08,KENNEDY,3.0
535.0,48,TIMIZA,08,KENNEDY,3.0
542.0,49,APOGEO,07,BOSA,3.0
549.0,81,GRAN BRITALIA,08,KENNEDY,1.0
989.0,80,CORABASTOS,08,KENNEDY,4.0
410.0,80,CORABASTOS,08,KENNEDY,7.0
541.0,65,ARBORIZADORA,19,CIUDAD BOLIVAR,3.0
537.0,48,TIMIZA,08,KENNEDY,1.0
525.0,47,KENNEDY CENTRAL,08,KENNEDY,3.0
524.0,48,TIMIZA,08,KENNEDY,3.0
536.0,48,TIMIZA,08,KENNEDY,1.0
534.0,47,KENNEDY CENTRAL,08,KENNEDY,3.0
523.0,47,KENNEDY CENTRAL,08,KENNEDY,3.0
538.0,45,CARVAJAL,08,KENNEDY,3.0
521.0,45,CARVAJAL,08,KENNEDY,3.0
519.0,45,CARVAJAL,08,KENNEDY,7.0
411.0,82,PATIO BONITO,08,KENNEDY,5.0
577.0,42,VENECIA,06,TUNJUELITO,5.0
578.0,39,QUIROGA,18,RAFAEL URIBE URIBE,6.0
579.0,38,RESTREPO,15,ANTONIO NARIÑO,3.0
511.0,41,MUZU,16,PUENTE ARANDA,3.0
401.0,77,ZONA FRANCA,09,FONTIBON,0.0
406.0,77,ZONA FRANCA,09,FONTIBON,0.0
400.0,75,FONTIBON,09,FONTIBON,5.0
402.0,77,ZONA FRANCA,09,FONTIBON,3.0
309.0,76,FONTIBON SAN PABLO,09,FONTIBON,8.0
399.0,75,FONTIBON,09,FONTIBON,3.0
313.0,75,FONTIBON,09,FONTIBON,5.0
315.0,75,FONTIBON,09,FONTIBON,6.0
316.0,75,FONTIBON,09,FONTIBON,8.0
307.0,115,CAPELLANIA,09,FONTIBON,8.0
268.0,99,CHAPINERO,02,CHAPINERO,1.0
270.0,90,PARDO RUBIO,02,CHAPINERO,1.0
284.0,90,PARDO RUBIO,02,CHAPINERO,1.0
347.0,92,LA MACARENA,03,SANTA FE,3.0
348.0,92,LA MACARENA,03,SANTA FE,2.0
346.0,91,SAGRADO CORAZON,03,SANTA FE,3.0
992.0,91,SAGRADO CORAZON,03,SANTA FE,7.0
349.0,92,LA MACARENA,03,SANTA FE,2.0
345.0,91,SAGRADO CORAZON,03,SANTA FE,9.0
351.0,91,SAGRADO CORAZON,03,SANTA FE,2.0
356.0,101,TEUSAQUILLO,13,TEUSAQUILLO,5.0
357.0,102,LA SABANA,14,LOS MARTIRES,6.0
360.0,102,LA SABANA,14,LOS MARTIRES,10.0
966.0,102,LA SABANA,14,LOS MARTIRES,2.0
358.0,102,LA SABANA,14,LOS MARTIRES,5.0
395.0,101,TEUSAQUILLO,13,TEUSAQUILLO,5.0
339.0,101,TEUSAQUILLO,13,TEUSAQUILLO,5.0
843.0,102,LA SABANA,14,LOS MARTIRES,5.0
363.0,102,LA SABANA,14,LOS MARTIRES,16.0
337.0,107,QUINTA PAREDES,13,TEUSAQUILLO,5.0
336.0,107,QUINTA PAREDES,13,TEUSAQUILLO,3.0
441.0,102,LA SABANA,14,LOS MARTIRES,3.0
362.0,102,LA SABANA,14,LOS MARTIRES,7.0
335.0,107,QUINTA PAREDES,13,TEUSAQUILLO,4.0
333.0,107,QUINTA PAREDES,13,TEUSAQUILLO,4.0
331.0,109,CIUDAD SALITRE ORIENTAL,13,TEUSAQUILLO,4.0
429.0,40,CIUDAD MONTES,16,PUENTE ARANDA,6.0
518.0,38,RESTREPO,15,ANTONIO NARIÑO,5.0
366.0,108,ZONA INDUSTRIAL,16,PUENTE ARANDA,9.0
483.0,96,LOURDES,03,SANTA FE,0.0
353.0,92,LA MACARENA,03,SANTA FE,8.0
338.0,101,TEUSAQUILLO,13,TEUSAQUILLO,6.0
269.0,90,PARDO RUBIO,02,CHAPINERO,2.0
171.0,21,LOS ANDES,12,BARRIOS UNIDOS,2.0
172.0,21,LOS ANDES,12,BARRIOS UNIDOS,3.0
206.0,31,SANTA CECILIA,10,ENGATIVA,3.0
205.0,31,SANTA CECILIA,10,ENGATIVA,3.0
211.0,26,LAS FERIAS,10,ENGATIVA,5.0
300.0,31,SANTA CECILIA,10,ENGATIVA,12.0
299.0,105,JARDIN BOTANICO,10,ENGATIVA,11.0
135.0,25,LA FLORESTA,11,SUBA,6.0
134.0,25,LA FLORESTA,11,SUBA,6.0
170.0,21,LOS ANDES,12,BARRIOS UNIDOS,4.0
175.0,22,DOCE DE OCTUBRE,12,BARRIOS UNIDOS,4.0
173.0,22,DOCE DE OCTUBRE,12,BARRIOS UNIDOS,5.0
176.0,26,LAS FERIAS,10,ENGATIVA,5.0
169.0,21,LOS ANDES,12,BARRIOS UNIDOS,6.0
223.0,98,LOS ALCAZARES,12,BARRIOS UNIDOS,4.0
177.0,26,LAS FERIAS,10,ENGATIVA,2.0
136.0,25,LA FLORESTA,11,SUBA,5.0
233.0,98,LOS ALCAZARES,12,BARRIOS UNIDOS,2.0
841.0,26,LAS FERIAS,10,ENGATIVA,5.0
842.0,26,LAS FERIAS,10,ENGATIVA,5.0
214.0,103,PARQUE SALITRE,12,BARRIOS UNIDOS,6.0
297.0,104,PARQUE SIMON BOLIVAR - CAN,13,TEUSAQUILLO,8.0
207.0,30,BOYACA REAL,10,ENGATIVA,5.0
203.0,30,BOYACA REAL,10,ENGATIVA,2.0
209.0,26,LAS FERIAS,10,ENGATIVA,6.0
210.0,26,LAS FERIAS,10,ENGATIVA,6.0
178.0,26,LAS FERIAS,10,ENGATIVA,7.0
131.0,29,MINUTO DE DIOS,10,ENGATIVA,5.0
181.0,30,BOYACA REAL,10,ENGATIVA,5.0
182.0,30,BOYACA REAL,10,ENGATIVA,2.0
202.0,30,BOYACA REAL,10,ENGATIVA,3.0
179.0,26,LAS FERIAS,10,ENGATIVA,6.0
216.0,22,DOCE DE OCTUBRE,12,BARRIOS UNIDOS,8.0
215.0,22,DOCE DE OCTUBRE,12,BARRIOS UNIDOS,6.0
208.0,26,LAS FERIAS,10,ENGATIVA,5.0
180.0,26,LAS FERIAS,10,ENGATIVA,7.0
296.0,104,PARQUE SIMON BOLIVAR - CAN,13,TEUSAQUILLO,3.0
124.0,29,MINUTO DE DIOS,10,ENGATIVA,3.0
130.0,29,MINUTO DE DIOS,10,ENGATIVA,1.0
128.0,29,MINUTO DE DIOS,10,ENGATIVA,5.0
228.0,98,LOS ALCAZARES,12,BARRIOS UNIDOS,3.0
229.0,98,LOS ALCAZARES,12,BARRIOS UNIDOS,3.0
163.0,97,CHICO LAGO,02,CHAPINERO,7.0
137.0,25,LA FLORESTA,11,SUBA,3.0
249.0,90,PARDO RUBIO,02,CHAPINERO,0.0
159.0,89,SAN ISIDRO - PATIOS,02,CHAPINERO,1.0
161.0,89,SAN ISIDRO - PATIOS,02,CHAPINERO,1.0
160.0,89,SAN ISIDRO - PATIOS,02,CHAPINERO,1.0
162.0,88,EL REFUGIO,02,CHAPINERO,1.0
8.0,2,LA ACADEMIA,11,SUBA,7.0
855.0,17,SAN JOSE DE BAVARIA,11,SUBA,4.0
958.0,2,LA ACADEMIA,11,SUBA,5.0
960.0,3,GUAYMARAL,11,SUBA,7.0
959.0,1,PASEO DE LOS LIBERTADORES,01,USAQUEN,7.0
6.0,1,PASEO DE LOS LIBERTADORES,01,USAQUEN,6.0
5.0,1,PASEO DE LOS LIBERTADORES,01,USAQUEN,4.0
27.0,17,SAN JOSE DE BAVARIA,11,SUBA,10.0
29.0,18,BRITALIA,11,SUBA,6.0
9.0,17,SAN JOSE DE BAVARIA,11,SUBA,8.0
956.0,9,VERBENAL,01,USAQUEN,10.0
957.0,1,PASEO DE LOS LIBERTADORES,01,USAQUEN,5.0
47.0,18,BRITALIA,11,SUBA,4.0
48.0,18,BRITALIA,11,SUBA,3.0
49.0,18,BRITALIA,11,SUBA,3.0
64.0,19,EL PRADO,11,SUBA,2.0
65.0,19,EL PRADO,11,SUBA,3.0
50.0,18,BRITALIA,11,SUBA,3.0
53.0,12,TOBERIN,01,USAQUEN,7.0
52.0,12,TOBERIN,01,USAQUEN,7.0
54.0,12,TOBERIN,01,USAQUEN,8.0
61.0,12,TOBERIN,01,USAQUEN,8.0
22.0,10,LA URIBE,01,USAQUEN,5.0
21.0,10,LA URIBE,01,USAQUEN,5.0
55.0,10,LA URIBE,01,USAQUEN,5.0
56.0,11,SAN CRISTOBAL NORTE,01,USAQUEN,5.0
59.0,11,SAN CRISTOBAL NORTE,01,USAQUEN,5.0
60.0,11,SAN CRISTOBAL NORTE,01,USAQUEN,5.0
23.0,9,VERBENAL,01,USAQUEN,5.0
17.0,10,LA URIBE,01,USAQUEN,2.0
116.0,71,TIBABUYES,11,SUBA,1.0
117.0,71,TIBABUYES,11,SUBA,1.0
118.0,71,TIBABUYES,11,SUBA,0.0
115.0,71,TIBABUYES,11,SUBA,1.0
114.0,71,TIBABUYES,11,SUBA,3.0
113.0,71,TIBABUYES,11,SUBA,3.0
110.0,28,EL RINCON,11,SUBA,4.0
106.0,28,EL RINCON,11,SUBA,6.0
109.0,28,EL RINCON,11,SUBA,2.0
111.0,28,EL RINCON,11,SUBA,3.0
108.0,28,EL RINCON,11,SUBA,6.0
90.0,19,EL PRADO,11,SUBA,1.0
14.0,9,VERBENAL,01,USAQUEN,3.0
13.0,9,VERBENAL,01,USAQUEN,5.0
16.0,9,VERBENAL,01,USAQUEN,4.0
15.0,9,VERBENAL,01,USAQUEN,4.0
12.0,9,VERBENAL,01,USAQUEN,10.0
11.0,9,VERBENAL,01,USAQUEN,11.0
77.0,13,LOS CEDROS,01,USAQUEN,8.0
63.0,13,LOS CEDROS,01,USAQUEN,8.0
26.0,10,LA URIBE,01,USAQUEN,3.0
25.0,10,LA URIBE,01,USAQUEN,6.0
24.0,9,VERBENAL,01,USAQUEN,2.0
817.0,,,,,0.0
939.0,58,COMUNEROS,05,USME,2.0
754.0,58,COMUNEROS,05,USME,2.0
940.0,66,SAN FRANCISCO,19,CIUDAD BOLIVAR,2.0
942.0,42,VENECIA,06,TUNJUELITO,2.0
943.0,69,ISMAEL PERDOMO,19,CIUDAD BOLIVAR,1.0
944.0,69,ISMAEL PERDOMO,19,CIUDAD BOLIVAR,5.0
571.0,69,ISMAEL PERDOMO,19,CIUDAD BOLIVAR,4.0
946.0,49,APOGEO,07,BOSA,5.0
562.0,85,BOSA CENTRAL,07,BOSA,3.0
948.0,48,TIMIZA,08,KENNEDY,3.0
949.0,83,LAS MARGARITAS,08,KENNEDY,4.0
394.0,46,CASTILLA,08,KENNEDY,5.0
951.0,44,AMERICAS,08,KENNEDY,2.0
844.0,107,QUINTA PAREDES,13,TEUSAQUILLO,5.0
387.0,113,BAVARIA,08,KENNEDY,5.0
323.0,112,GRANJAS DE TECHO,09,FONTIBON,6.0
752.0,58,COMUNEROS,05,USME,2.0
962.0,67,LUCERO,19,CIUDAD BOLIVAR,4.0
626.0,70,JERUSALEM,19,CIUDAD BOLIVAR,3.0
941.0,42,VENECIA,06,TUNJUELITO,3.0
964.0,48,TIMIZA,08,KENNEDY,3.0
383.0,44,AMERICAS,08,KENNEDY,6.0
359.0,102,LA SABANA,14,LOS MARTIRES,3.0
605.0,32,SAN BLAS,04,SAN CRISTOBAL,3.0
496.0,33,SOSIEGO,04,SAN CRISTOBAL,2.0
495.0,33,SOSIEGO,04,SAN CRISTOBAL,0.0
608.0,34,20 DE JULIO,04,SAN CRISTOBAL,1.0
607.0,34,20 DE JULIO,04,SAN CRISTOBAL,1.0
641.0,50,LA GLORIA,04,SAN CRISTOBAL,0.0
653.0,54,MARRUECOS,18,RAFAEL URIBE URIBE,2.0
974.0,54,MARRUECOS,18,RAFAEL URIBE URIBE,3.0
610.0,36,SAN JOSE,18,RAFAEL URIBE URIBE,0.0
976.0,53,MARCO FIDEL SUAREZ,18,RAFAEL URIBE URIBE,1.0
635.0,53,MARCO FIDEL SUAREZ,18,RAFAEL URIBE URIBE,3.0
656.0,54,MARRUECOS,18,RAFAEL URIBE URIBE,2.0
978.0,54,MARRUECOS,18,RAFAEL URIBE URIBE,1.0
980.0,56,DANUBIO,05,USME,2.0
981.0,36,SAN JOSE,18,RAFAEL URIBE URIBE,1.0
589.0,39,QUIROGA,18,RAFAEL URIBE URIBE,2.0
983.0,39,QUIROGA,18,RAFAEL URIBE URIBE,3.0
984.0,38,RESTREPO,15,ANTONIO NARIÑO,2.0
580.0,38,RESTREPO,15,ANTONIO NARIÑO,3.0
503.0,38,RESTREPO,15,ANTONIO NARIÑO,3.0
633.0,42,VENECIA,06,TUNJUELITO,5.0
424.0,43,SAN RAFAEL,16,PUENTE ARANDA,3.0
416.0,80,CORABASTOS,08,KENNEDY,4.0
990.0,46,CASTILLA,08,KENNEDY,6.0
340.0,101,TEUSAQUILLO,13,TEUSAQUILLO,8.0
352.0,91,SAGRADO CORAZON,03,SANTA FE,3.0
354.0,93,LAS NIEVES,03,SANTA FE,6.0
995.0,78,TINTAL NORTE,08,KENNEDY,9.0
393.0,78,TINTAL NORTE,08,KENNEDY,6.0
996.0,110,CIUDAD SALITRE OCCIDENTAL,09,FONTIBON,15.0
997.0,109,CIUDAD SALITRE ORIENTAL,13,TEUSAQUILLO,13.0
999.0,115,CAPELLANIA,09,FONTIBON,3.0
306.0,115,CAPELLANIA,09,FONTIBON,10.0
835.0,74,ENGATIVA,10,ENGATIVA,1.0
42.0,27,SUBA,11,SUBA,0.0
43.0,23,CASA BLANCA SUBA,11,SUBA,0.0
838.0,23,CASA BLANCA SUBA,11,SUBA,13.0
94.0,24,NIZA,11,SUBA,10.0
32.0,27,SUBA,11,SUBA,3.0
212.0,26,LAS FERIAS,10,ENGATIVA,5.0
213.0,26,LAS FERIAS,10,ENGATIVA,5.0
361.0,102,LA SABANA,14,LOS MARTIRES,4.0
334.0,107,QUINTA PAREDES,13,TEUSAQUILLO,3.0
845.0,90,PARDO RUBIO,02,CHAPINERO,2.0
846.0,100,GALERIAS,13,TEUSAQUILLO,5.0
247.0,97,CHICO LAGO,02,CHAPINERO,6.0
254.0,97,CHICO LAGO,02,CHAPINERO,8.0
166.0,97,CHICO LAGO,02,CHAPINERO,6.0
144.0,16,SANTA BARBARA,01,USAQUEN,5.0
145.0,16,SANTA BARBARA,01,USAQUEN,5.0
146.0,16,SANTA BARBARA,01,USAQUEN,8.0
853.0,20,LA ALHAMBRA,11,SUBA,4.0
58.0,11,SAN CRISTOBAL NORTE,01,USAQUEN,1.0
28.0,17,SAN JOSE DE BAVARIA,11,SUBA,4.0
10.0,9,VERBENAL,01,USAQUEN,5.0
7.0,1,PASEO DE LOS LIBERTADORES,01,USAQUEN,2.0
4.0,2,LA ACADEMIA,11,SUBA,9.0
3.0,1,PASEO DE LOS LIBERTADORES,01,USAQUEN,11.0
2.0,3,GUAYMARAL,11,SUBA,5.0
141.0,20,LA ALHAMBRA,11,SUBA,3.0
905.0,,,,,0.0
903.0,,,,,0.0
917.0,,,,,0.0
908.0,,,,,0.0
913.0,,,,,0.0
914.0,,,,,0.0
930.0,,,,,0.0
915.0,,,,,0.0
912.0,,,,,0.0
911.0,,,,,0.0
1500.0,,,,,0.0
928.0,,,,,0.0
926.0,,,,,0.0
906.0,,,,,0.0
927.0,71,TIBABUYES,11,SUBA,0.0
923.0,71,TIBABUYES,11,SUBA,2.0
935.0,1,PASEO DE LOS LIBERTADORES,01,USAQUEN,1.0
907.0,,,,,0.0
909.0,,,,,0.0
936.0,,,,,0.0
910.0,,,,,0.0
929.0,,,,,0.0
790.0,,,,,0.0
932.0,85,BOSA CENTRAL,07,BOSA,1.0
931.0,,,,,0.0
933.0,,,,,0.0
1000.0,61,CIUDAD USME,05,USME,5.0
1001.0,61,CIUDAD USME,05,USME,13.0
1002.0,61,CIUDAD USME,05,USME,5.0
1003.0,87,TINTAL SUR,07,BOSA,9.0
1004.0,87,TINTAL SUR,07,BOSA,3.0
1005.0,87,TINTAL SUR,07,BOSA,4.0
1006.0,86,EL PORVENIR,07,BOSA,9.0
1007.0,112,GRANJAS DE TECHO,09,FONTIBON,5.0
1008.0,104,PARQUE SIMON BOLIVAR - CAN,13,TEUSAQUILLO,3.0
1010.0,1,PASEO DE LOS LIBERTADORES,01,USAQUEN,5.0
1011.0,1,PASEO DE LOS LIBERTADORES,01,USAQUEN,4.0
1012.0,1,PASEO DE LOS LIBERTADORES,01,USAQUEN,6.0
1013.0,1,PASEO DE LOS LIBERTADORES,01,USAQUEN,5.0
1014.0,1,PASEO DE LOS LIBERTADORES,01,USAQUEN,5.0
1016.0,1,PASEO DE LOS LIBERTADORES,01,USAQUEN,4.0
1071.0,1,PASEO DE LOS LIBERTADORES,01,USAQUEN,3.0
1015.0,1,PASEO DE LOS LIBERTADORES,01,USAQUEN,1.0
1063.0,1,PASEO DE LOS LIBERTADORES,01,USAQUEN,2.0
1017.0,3,GUAYMARAL,11,SUBA,5.0
1018.0,3,GUAYMARAL,11,SUBA,1.0
1019.0,3,GUAYMARAL,11,SUBA,0.0
1020.0,3,GUAYMARAL,11,SUBA,3.0
1021.0,2,LA ACADEMIA,11,SUBA,8.0
1022.0,2,LA ACADEMIA,11,SUBA,10.0
1023.0,17,SAN JOSE DE BAVARIA,11,SUBA,6.0
1024.0,2,LA ACADEMIA,11,SUBA,8.0
1025.0,24,NIZA,11,SUBA,5.0
1026.0,23,CASA BLANCA SUBA,11,SUBA,5.0
1053.0,1,PASEO DE LOS LIBERTADORES,01,USAQUEN,8.0
1027.0,78,TINTAL NORTE,08,KENNEDY,2.0
1028.0,27,SUBA,11,SUBA,3.0
1029.0,64,MONTE BLANCO,19,CIUDAD BOLIVAR,0.0
1030.0,52,LA FLORA,05,USME,4.0
1032.0,56,DANUBIO,05,USME,0.0
1033.0,78,TINTAL NORTE,08,KENNEDY,3.0
1034.0,78,TINTAL NORTE,08,KENNEDY,3.0
1035.0,79,CALANDAIMA,08,KENNEDY,6.0
1036.0,2,LA ACADEMIA,11,SUBA,7.0
1037.0,2,LA ACADEMIA,11,SUBA,3.0
1009.0,2,LA ACADEMIA,11,SUBA,4.0
1038.0,2,LA ACADEMIA,11,SUBA,4.0
1039.0,2,LA ACADEMIA,11,SUBA,5.0
1040.0,3,GUAYMARAL,11,SUBA,5.0
1041.0,,,,,0.0
1042.0,2,LA ACADEMIA,11,SUBA,7.0
1070.0,,,,,10.0
1043.0,2,LA ACADEMIA,11,SUBA,7.0
1044.0,,,,,5.0
1045.0,,,,,7.0
1046.0,,,,,2.0
1047.0,,,,,7.0
1048.0,72,BOLIVIA,10,ENGATIVA,11.0
1049.0,72,BOLIVIA,10,ENGATIVA,3.0
1050.0,64,MONTE BLANCO,19,CIUDAD BOLIVAR,3.0
1051.0,64,MONTE BLANCO,19,CIUDAD BOLIVAR,1.0
1052.0,61,CIUDAD USME,05,USME,5.0
1054.0,71,TIBABUYES,11,SUBA,0.0
1055.0,71,TIBABUYES,11,SUBA,0.0
1056.0,,,,,1.0
1057.0,,,,,5.0
1058.0,,,,,2.0
1059.0,1,PASEO DE LOS LIBERTADORES,01,USAQUEN,4.0
1060.0,,,,,1.0
1061.0,,,,,2.0
1062.0,,,,,5.0
1064.0,,,,,1.0
1065.0,27,SUBA,11,SUBA,4.0
1066.0,27,SUBA,11,SUBA,3.0
1067.0,62,TUNJUELITO,06,TUNJUELITO,2.0
1068.0,56,DANUBIO,05,USME,2.0
1069.0,2,LA ACADEMIA,11,SUBA,6.0
1072.0,,,,,1.0
1074.0,,,,,1.0
1075.0,,,,,1.0
1076.0,,,,,0.0
1073.0,,,,,0.0
1800.0,,,,,0.0
1801.0,,,,,0.0
1802.0,,,,,0.0
1803.0,,,,,0.0
1804.0,,,,,0.0
1805.0,,,,,0.0
1806.0,,,,,0.0
1807.0,,,,,0.0
1808.0,,,,,0.0
1809.0,,,,,0.0
1810.0,,,,,0.0
1600.0,,,,,0.0
1601.0,,,,,0.0
1602.0,,,,,0.0
1603.0,,,,,0.0
1604.0,,,,,0.0
1605.0,,,,,0.0
1606.0,,,,,0.0
1607.0,,,,,0.0
1608.0,,,,,0.0
1609.0,,,,,0.0
1610.0,,,,,0.0
1611.0,,,,,0.0
1612.0,,,,,0.0
1613.0,,,,,0.0
1614.0,,,,,0.0
1615.0,,,,,0.0
1616.0,,,,,0.0
1617.0,,,,,0.0
1501.0,,,,,0.0
1502.0,,,,,0.0
1503.0,,,,,0.0
1504.0,,,,,0.0
1505.0,,,,,0.0
1506.0,,,,,0.0
1507.0,,,,,0.0
1508.0,,,,,0.0
1509.0,,,,,0.0
1510.0,,,,,0.0
1511.0,,,,,0.0
1512.0,,,,,0.0
1513.0,,,,,0.0
1514.0,,,,,0.0
1515.0,,,,,0.0
1516.0,,,,,0.0
1517.0,,,,,0.0
1518.0,,,,,0.0
1519.0,,,,,0.0
1520.0,,,,,0.0
1811.0,,,,,0.0
1812.0,,,,,0.0
1813.0,,,,,0.0
1814.0,,,,,0.0
1815.0,,,,,0.0
1816.0,,,,,0.0
1817.0,,,,,0.0
1818.0,,,,,0.0
1819.0,,,,,0.0
1820.0,,,,,0.0
1821.0,,,,,0.0
1822.0,,,,,0.0
1823.0,,,,,0.0
1618.0,,,,,0.0
1521.0,,,,,0.0
1522.0,77,ZONA FRANCA,09,FONTIBON,0.0
1619.0,76,FONTIBON SAN PABLO,09,FONTIBON,0.0
1620.0,117,AEROPUERTO EL DORADO,09,FONTIBON,1.0
1621.0,,,,,0.0
1622.0,,,,,0.0
1700.0,,,,,0.0
1701.0,,,,,0.0
1702.0,,,,,0.0
1703.0,,,,,0.0
1704.0,,,,,0.0
1705.0,,,,,0.0
1706.0,,,,,0.0
1708.0,,,,,0.0
1709.0,,,,,0.0
1710.0,,,,,0.0
1711.0,,,,,0.0
1712.0,,,,,0.0
1713.0,,,,,0.0
1714.0,,,,,0.0
1715.0,,,,,0.0
1716.0,,,,,0.0
1717.0,,,,,0.0
1718.0,,,,,0.0
1719.0,,,,,0.0
1720.0,,,,,0.0
1721.0,,,,,0.0
1722.0,,,,,0.0
1723.0,,,,,0.0
1824.0,,,,,0.0
1825.0,,,,,0.0
1826.0,,,,,0.0
1830.0,,,,,0.0
1828.0,,,,,0.0
1827.0,,,,,0.0
1845.0,,,,,0.0
1724.0,,,,,0.0
1725.0,,,,,0.0
1726.0,,,,,0.0
1728.0,,,,,0.0
1523.0,,,,,0.0
1831.0,,,,,0.0
938.0,,,,,0.0
1524.0,,,,,0.0
1525.0,,,,,0.0
791.0,77,ZONA FRANCA,09,FONTIBON,0.0
1727.0,,,,,0.0
1526.0,,,,,0.0
1527.0,,,,,0.0
1530.0,,,,,0.0
1528.0,,,,,0.0
1529.0,,,,,0.0
1729.0,,,,,0.0
1840.0,,,,,0.0
794.0,,,,,0.0
934.0,,,,,0.0
1842.0,,,,,0.0
937.0,,,,,0.0
806.0,,,,,0.0
1843.0,,,,,0.0
1844.0,,,,,0.0
813.0,,,,,0.0
1846.0,,,,,0.0
1906.0,,,,,0.0
1907.0,,,,,0.0
1904.0,,,,,0.0
1905.0,,,,,0.0
1901.0,,,,,0.0
1902.0,,,,,0.0
1900.0,,,,,0.0
1908.0,87,TINTAL SUR,07,BOSA,0.0
1141.0,9,VERBENAL,01,USAQUEN,1.0
481.0,96,LOURDES,03,SANTA FE,1.0
1031.0,57,GRAN YOMASA,05,USME,0.0
673.0,66,SAN FRANCISCO,19,CIUDAD BOLIVAR,4.0
763.0,61,CIUDAD USME,05,USME,4.0
767.0,,,,,0.0
773.0,,,,,0.0
921.0,,,,,0.0
789.0,,,,,0.0
1903.0,,,,,0.0
404.0,77,ZONA FRANCA,09,FONTIBON,0.0
