ZAT,codigo_upz,nombre_upz,codigo_localidad,nombre_localidad
810.0,,,,
809.0,,,,
823.0,,,,
822.0,,,,
821.0,,,,
796.0,61,CIUDAD USME,05,USME
800.0,,,,
811.0,,,,
820.0,,,,
812.0,,,,
819.0,,,,
824.0,,,,
801.0,,,,
815.0,,,,
1829.0,,,,
818.0,,,,
816.0,,,,
807.0,,,,
808.0,,,,
795.0,90,PARDO RUBIO,02,CHAPINERO
802.0,,,,
916.0,,,,
799.0,,,,
798.0,70,JERUSALEM,19,CIUDAD BOLIVAR
797.0,,,,
83.0,13,LOS CEDROS,01,USAQUEN
854.0,11,SAN CRISTOBAL NORTE,01,USAQUEN
57.0,11,SAN CRISTOBAL NORTE,01,USAQUEN
20.0,10,LA URIBE,01,USAQUEN
18.0,10,LA URIBE,01,USAQUEN
19.0,10,LA URIBE,01,USAQUEN
84.0,13,LOS CEDROS,01,USAQUEN
559.0,87,TINTAL SUR,07,BOSA
561.0,87,TINTAL SUR,07,BOSA
947.0,85,BOSA CENTRAL,07,BOSA
569.0,85,BOSA CENTRAL,07,BOSA
570.0,85,BOSA CENTRAL,07,BOSA
804.0,,,,
82.0,13,LOS CEDROS,01,USAQUEN
85.0,14,USAQUEN,01,USAQUEN
81.0,13,LOS CEDROS,01,USAQUEN
80.0,13,LOS CEDROS,01,USAQUEN
79.0,13,LOS CEDROS,01,USAQUEN
78.0,13,LOS CEDROS,01,USAQUEN
193.0,74,ENGATIVA,10,ENGATIVA
793.0,,,,
304.0,117,AEROPUERTO EL DORADO,09,FONTIBON
1841.0,,,,
1.0,2,LA ACADEMIA,11,SUBA
308.0,76,FONTIBON SAN PABLO,09,FONTIBON
805.0,,,,
310.0,76,FONTIBON SAN PABLO,09,FONTIBON
405.0,77,ZONA FRANCA,09,FONTIBON
407.0,77,ZONA FRANCA,09,FONTIBON
119.0,72,BOLIVIA,10,ENGATIVA
76.0,13,LOS CEDROS,01,USAQUEN
75.0,13,LOS CEDROS,01,USAQUEN
74.0,13,LOS CEDROS,01,USAQUEN
73.0,13,LOS CEDROS,01,USAQUEN
72.0,13,LOS CEDROS,01,USAQUEN
87.0,15,COUNTRY CLUB,01,USAQUEN
86.0,14,USAQUEN,01,USAQUEN
154.0,14,USAQUEN,01,USAQUEN
194.0,74,ENGATIVA,10,ENGATIVA
195.0,74,ENGATIVA,10,ENGATIVA
196.0,74,ENGATIVA,10,ENGATIVA
197.0,74,ENGATIVA,10,ENGATIVA
201.0,116,ALAMOS,10,ENGATIVA
191.0,73,GARCES NAVAS,10,ENGATIVA
190.0,73,GARCES NAVAS,10,ENGATIVA
302.0,116,ALAMOS,10,ENGATIVA
192.0,73,GARCES NAVAS,10,ENGATIVA
189.0,73,GARCES NAVAS,10,ENGATIVA
120.0,72,BOLIVIA,10,ENGATIVA
187.0,73,GARCES NAVAS,10,ENGATIVA
188.0,73,GARCES NAVAS,10,ENGATIVA
37.0,71,TIBABUYES,11,SUBA
38.0,27,SUBA,11,SUBA
36.0,71,TIBABUYES,11,SUBA
35.0,,,,
33.0,27,SUBA,11,SUBA
34.0,,,,
840.0,27,SUBA,11,SUBA
836.0,27,SUBA,11,SUBA
97.0,24,NIZA,11,SUBA
837.0,23,CASA BLANCA SUBA,11,SUBA
99.0,28,EL RINCON,11,SUBA
98.0,24,NIZA,11,SUBA
31.0,27,SUBA,11,SUBA
30.0,23,CASA BLANCA SUBA,11,SUBA
107.0,28,EL RINCON,11,SUBA
112.0,28,EL RINCON,11,SUBA
41.0,27,SUBA,11,SUBA
104.0,28,EL RINCON,11,SUBA
40.0,27,SUBA,11,SUBA
39.0,27,SUBA,11,SUBA
88.0,15,COUNTRY CLUB,01,USAQUEN
69.0,13,LOS CEDROS,01,USAQUEN
70.0,13,LOS CEDROS,01,USAQUEN
71.0,13,LOS CEDROS,01,USAQUEN
62.0,13,LOS CEDROS,01,USAQUEN
51.0,12,TOBERIN,01,USAQUEN
122.0,29,MINUTO DE DIOS,10,ENGATIVA
123.0,29,MINUTO DE DIOS,10,ENGATIVA
185.0,30,BOYACA REAL,10,ENGATIVA
186.0,30,BOYACA REAL,10,ENGATIVA
199.0,30,BOYACA REAL,10,ENGATIVA
121.0,29,MINUTO DE DIOS,10,ENGATIVA
103.0,28,EL RINCON,11,SUBA
102.0,24,NIZA,11,SUBA
101.0,28,EL RINCON,11,SUBA
100.0,28,EL RINCON,11,SUBA
105.0,28,EL RINCON,11,SUBA
96.0,24,NIZA,11,SUBA
132.0,24,NIZA,11,SUBA
95.0,24,NIZA,11,SUBA
839.0,24,NIZA,11,SUBA
89.0,19,EL PRADO,11,SUBA
68.0,19,EL PRADO,11,SUBA
93.0,24,NIZA,11,SUBA
67.0,19,EL PRADO,11,SUBA
92.0,24,NIZA,11,SUBA
44.0,23,CASA BLANCA SUBA,11,SUBA
66.0,19,EL PRADO,11,SUBA
45.0,23,CASA BLANCA SUBA,11,SUBA
46.0,18,BRITALIA,11,SUBA
126.0,28,EL RINCON,11,SUBA
125.0,29,MINUTO DE DIOS,10,ENGATIVA
129.0,29,MINUTO DE DIOS,10,ENGATIVA
184.0,30,BOYACA REAL,10,ENGATIVA
183.0,30,BOYACA REAL,10,ENGATIVA
127.0,25,LA FLORESTA,11,SUBA
91.0,19,EL PRADO,11,SUBA
140.0,20,LA ALHAMBRA,11,SUBA
139.0,24,NIZA,11,SUBA
852.0,16,SANTA BARBARA,01,USAQUEN
138.0,20,LA ALHAMBRA,11,SUBA
133.0,24,NIZA,11,SUBA
147.0,16,SANTA BARBARA,01,USAQUEN
851.0,16,SANTA BARBARA,01,USAQUEN
143.0,20,LA ALHAMBRA,11,SUBA
142.0,20,LA ALHAMBRA,11,SUBA
167.0,21,LOS ANDES,12,BARRIOS UNIDOS
153.0,14,USAQUEN,01,USAQUEN
152.0,14,USAQUEN,01,USAQUEN
148.0,16,SANTA BARBARA,01,USAQUEN
850.0,16,SANTA BARBARA,01,USAQUEN
849.0,97,CHICO LAGO,02,CHAPINERO
764.0,61,CIUDAD USME,05,USME
770.0,,,,
668.0,70,JERUSALEM,19,CIUDAD BOLIVAR
713.0,67,LUCERO,19,CIUDAD BOLIVAR
714.0,67,LUCERO,19,CIUDAD BOLIVAR
721.0,67,LUCERO,19,CIUDAD BOLIVAR
771.0,,,,
772.0,,,,
769.0,69,ISMAEL PERDOMO,19,CIUDAD BOLIVAR
666.0,69,ISMAEL PERDOMO,19,CIUDAD BOLIVAR
667.0,70,JERUSALEM,19,CIUDAD BOLIVAR
669.0,70,JERUSALEM,19,CIUDAD BOLIVAR
671.0,70,JERUSALEM,19,CIUDAD BOLIVAR
776.0,,,,
774.0,,,,
778.0,,,,
777.0,,,,
782.0,,,,
544.0,85,BOSA CENTRAL,07,BOSA
545.0,48,TIMIZA,08,KENNEDY
766.0,85,BOSA CENTRAL,07,BOSA
543.0,49,APOGEO,07,BOSA
775.0,,,,
945.0,69,ISMAEL PERDOMO,19,CIUDAD BOLIVAR
623.0,69,ISMAEL PERDOMO,19,CIUDAD BOLIVAR
768.0,69,ISMAEL PERDOMO,19,CIUDAD BOLIVAR
567.0,85,BOSA CENTRAL,07,BOSA
568.0,85,BOSA CENTRAL,07,BOSA
553.0,86,EL PORVENIR,07,BOSA
555.0,86,EL PORVENIR,07,BOSA
556.0,86,EL PORVENIR,07,BOSA
558.0,87,TINTAL SUR,07,BOSA
554.0,86,EL PORVENIR,07,BOSA
560.0,84,BOSA OCCIDENTAL,07,BOSA
563.0,84,BOSA OCCIDENTAL,07,BOSA
530.0,83,LAS MARGARITAS,08,KENNEDY
624.0,69,ISMAEL PERDOMO,19,CIUDAD BOLIVAR
625.0,69,ISMAEL PERDOMO,19,CIUDAD BOLIVAR
665.0,70,JERUSALEM,19,CIUDAD BOLIVAR
565.0,85,BOSA CENTRAL,07,BOSA
566.0,85,BOSA CENTRAL,07,BOSA
564.0,84,BOSA OCCIDENTAL,07,BOSA
548.0,81,GRAN BRITALIA,08,KENNEDY
550.0,84,BOSA OCCIDENTAL,07,BOSA
552.0,84,BOSA OCCIDENTAL,07,BOSA
551.0,84,BOSA OCCIDENTAL,07,BOSA
786.0,,,,
787.0,,,,
788.0,,,,
781.0,,,,
783.0,,,,
784.0,,,,
780.0,,,,
779.0,,,,
785.0,,,,
765.0,85,BOSA CENTRAL,07,BOSA
557.0,87,TINTAL SUR,07,BOSA
248.0,88,EL REFUGIO,02,CHAPINERO
244.0,88,EL REFUGIO,02,CHAPINERO
264.0,88,EL REFUGIO,02,CHAPINERO
265.0,88,EL REFUGIO,02,CHAPINERO
158.0,14,USAQUEN,01,USAQUEN
250.0,90,PARDO RUBIO,02,CHAPINERO
266.0,90,PARDO RUBIO,02,CHAPINERO
484.0,96,LOURDES,03,SANTA FE
479.0,92,LA MACARENA,03,SANTA FE
478.0,94,LA CANDELARIA,17,CANDELARIA
477.0,94,LA CANDELARIA,17,CANDELARIA
485.0,96,LOURDES,03,SANTA FE
156.0,14,USAQUEN,01,USAQUEN
157.0,14,USAQUEN,01,USAQUEN
243.0,88,EL REFUGIO,02,CHAPINERO
263.0,88,EL REFUGIO,02,CHAPINERO
262.0,88,EL REFUGIO,02,CHAPINERO
261.0,88,EL REFUGIO,02,CHAPINERO
260.0,88,EL REFUGIO,02,CHAPINERO
245.0,88,EL REFUGIO,02,CHAPINERO
252.0,90,PARDO RUBIO,02,CHAPINERO
253.0,88,EL REFUGIO,02,CHAPINERO
847.0,97,CHICO LAGO,02,CHAPINERO
251.0,90,PARDO RUBIO,02,CHAPINERO
482.0,96,LOURDES,03,SANTA FE
475.0,94,LA CANDELARIA,17,CANDELARIA
458.0,94,LA CANDELARIA,17,CANDELARIA
476.0,94,LA CANDELARIA,17,CANDELARIA
480.0,96,LOURDES,03,SANTA FE
456.0,93,LAS NIEVES,03,SANTA FE
993.0,93,LAS NIEVES,03,SANTA FE
350.0,92,LA MACARENA,03,SANTA FE
486.0,96,LOURDES,03,SANTA FE
487.0,96,LOURDES,03,SANTA FE
155.0,14,USAQUEN,01,USAQUEN
151.0,14,USAQUEN,01,USAQUEN
259.0,97,CHICO LAGO,02,CHAPINERO
149.0,16,SANTA BARBARA,01,USAQUEN
150.0,14,USAQUEN,01,USAQUEN
258.0,97,CHICO LAGO,02,CHAPINERO
257.0,97,CHICO LAGO,02,CHAPINERO
256.0,97,CHICO LAGO,02,CHAPINERO
242.0,97,CHICO LAGO,02,CHAPINERO
488.0,96,LOURDES,03,SANTA FE
473.0,96,LOURDES,03,SANTA FE
460.0,94,LA CANDELARIA,17,CANDELARIA
474.0,94,LA CANDELARIA,17,CANDELARIA
459.0,94,LA CANDELARIA,17,CANDELARIA
457.0,94,LA CANDELARIA,17,CANDELARIA
664.0,70,JERUSALEM,19,CIUDAD BOLIVAR
165.0,97,CHICO LAGO,02,CHAPINERO
164.0,97,CHICO LAGO,02,CHAPINERO
168.0,98,LOS ALCAZARES,12,BARRIOS UNIDOS
241.0,97,CHICO LAGO,02,CHAPINERO
224.0,98,LOS ALCAZARES,12,BARRIOS UNIDOS
246.0,97,CHICO LAGO,02,CHAPINERO
472.0,96,LOURDES,03,SANTA FE
491.0,96,LOURDES,03,SANTA FE
471.0,32,SAN BLAS,04,SAN CRISTOBAL
461.0,95,LAS CRUCES,03,SANTA FE
489.0,96,LOURDES,03,SANTA FE
490.0,96,LOURDES,03,SANTA FE
492.0,32,SAN BLAS,04,SAN CRISTOBAL
452.0,95,LAS CRUCES,03,SANTA FE
493.0,32,SAN BLAS,04,SAN CRISTOBAL
602.0,32,SAN BLAS,04,SAN CRISTOBAL
453.0,93,LAS NIEVES,03,SANTA FE
604.0,32,SAN BLAS,04,SAN CRISTOBAL
443.0,102,LA SABANA,14,LOS MARTIRES
454.0,93,LAS NIEVES,03,SANTA FE
465.0,33,SOSIEGO,04,SAN CRISTOBAL
470.0,33,SOSIEGO,04,SAN CRISTOBAL
469.0,33,SOSIEGO,04,SAN CRISTOBAL
462.0,95,LAS CRUCES,03,SANTA FE
494.0,33,SOSIEGO,04,SAN CRISTOBAL
621.0,69,ISMAEL PERDOMO,19,CIUDAD BOLIVAR
963.0,70,JERUSALEM,19,CIUDAD BOLIVAR
662.0,66,SAN FRANCISCO,19,CIUDAD BOLIVAR
661.0,66,SAN FRANCISCO,19,CIUDAD BOLIVAR
663.0,66,SAN FRANCISCO,19,CIUDAD BOLIVAR
670.0,66,SAN FRANCISCO,19,CIUDAD BOLIVAR
672.0,66,SAN FRANCISCO,19,CIUDAD BOLIVAR
712.0,67,LUCERO,19,CIUDAD BOLIVAR
622.0,69,ISMAEL PERDOMO,19,CIUDAD BOLIVAR
442.0,102,LA SABANA,14,LOS MARTIRES
355.0,93,LAS NIEVES,03,SANTA FE
455.0,93,LAS NIEVES,03,SANTA FE
463.0,33,SOSIEGO,04,SAN CRISTOBAL
464.0,33,SOSIEGO,04,SAN CRISTOBAL
466.0,33,SOSIEGO,04,SAN CRISTOBAL
451.0,35,CIUDAD JARDIN,15,ANTONIO NARIÑO
468.0,33,SOSIEGO,04,SAN CRISTOBAL
446.0,37,SANTA ISABEL,14,LOS MARTIRES
969.0,33,SOSIEGO,04,SAN CRISTOBAL
445.0,37,SANTA ISABEL,14,LOS MARTIRES
444.0,102,LA SABANA,14,LOS MARTIRES
449.0,35,CIUDAD JARDIN,15,ANTONIO NARIÑO
448.0,35,CIUDAD JARDIN,15,ANTONIO NARIÑO
500.0,35,CIUDAD JARDIN,15,ANTONIO NARIÑO
499.0,33,SOSIEGO,04,SAN CRISTOBAL
467.0,33,SOSIEGO,04,SAN CRISTOBAL
498.0,33,SOSIEGO,04,SAN CRISTOBAL
497.0,33,SOSIEGO,04,SAN CRISTOBAL
968.0,33,SOSIEGO,04,SAN CRISTOBAL
620.0,65,ARBORIZADORA,19,CIUDAD BOLIVAR
572.0,65,ARBORIZADORA,19,CIUDAD BOLIVAR
627.0,65,ARBORIZADORA,19,CIUDAD BOLIVAR
628.0,65,ARBORIZADORA,19,CIUDAD BOLIVAR
629.0,65,ARBORIZADORA,19,CIUDAD BOLIVAR
630.0,42,VENECIA,06,TUNJUELITO
659.0,62,TUNJUELITO,06,TUNJUELITO
660.0,66,SAN FRANCISCO,19,CIUDAD BOLIVAR
573.0,42,VENECIA,06,TUNJUELITO
450.0,35,CIUDAD JARDIN,15,ANTONIO NARIÑO
447.0,38,RESTREPO,15,ANTONIO NARIÑO
438.0,37,SANTA ISABEL,14,LOS MARTIRES
434.0,37,SANTA ISABEL,14,LOS MARTIRES
439.0,37,SANTA ISABEL,14,LOS MARTIRES
432.0,40,CIUDAD MONTES,16,PUENTE ARANDA
433.0,102,LA SABANA,14,LOS MARTIRES
440.0,102,LA SABANA,14,LOS MARTIRES
501.0,38,RESTREPO,15,ANTONIO NARIÑO
619.0,42,VENECIA,06,TUNJUELITO
618.0,42,VENECIA,06,TUNJUELITO
631.0,42,VENECIA,06,TUNJUELITO
632.0,42,VENECIA,06,TUNJUELITO
987.0,42,VENECIA,06,TUNJUELITO
657.0,62,TUNJUELITO,06,TUNJUELITO
658.0,62,TUNJUELITO,06,TUNJUELITO
675.0,67,LUCERO,19,CIUDAD BOLIVAR
674.0,67,LUCERO,19,CIUDAD BOLIVAR
634.0,39,QUIROGA,18,RAFAEL URIBE URIBE
979.0,54,MARRUECOS,18,RAFAEL URIBE URIBE
677.0,62,TUNJUELITO,06,TUNJUELITO
676.0,62,TUNJUELITO,06,TUNJUELITO
708.0,67,LUCERO,19,CIUDAD BOLIVAR
709.0,67,LUCERO,19,CIUDAD BOLIVAR
710.0,67,LUCERO,19,CIUDAD BOLIVAR
711.0,67,LUCERO,19,CIUDAD BOLIVAR
502.0,38,RESTREPO,15,ANTONIO NARIÑO
437.0,38,RESTREPO,15,ANTONIO NARIÑO
436.0,37,SANTA ISABEL,14,LOS MARTIRES
431.0,40,CIUDAD MONTES,16,PUENTE ARANDA
435.0,37,SANTA ISABEL,14,LOS MARTIRES
430.0,40,CIUDAD MONTES,16,PUENTE ARANDA
587.0,39,QUIROGA,18,RAFAEL URIBE URIBE
588.0,39,QUIROGA,18,RAFAEL URIBE URIBE
586.0,39,QUIROGA,18,RAFAEL URIBE URIBE
975.0,36,SAN JOSE,18,RAFAEL URIBE URIBE
637.0,53,MARCO FIDEL SUAREZ,18,RAFAEL URIBE URIBE
609.0,36,SAN JOSE,18,RAFAEL URIBE URIBE
638.0,53,MARCO FIDEL SUAREZ,18,RAFAEL URIBE URIBE
655.0,54,MARRUECOS,18,RAFAEL URIBE URIBE
977.0,53,MARCO FIDEL SUAREZ,18,RAFAEL URIBE URIBE
973.0,54,MARRUECOS,18,RAFAEL URIBE URIBE
636.0,53,MARCO FIDEL SUAREZ,18,RAFAEL URIBE URIBE
654.0,54,MARRUECOS,18,RAFAEL URIBE URIBE
679.0,54,MARRUECOS,18,RAFAEL URIBE URIBE
678.0,62,TUNJUELITO,06,TUNJUELITO
680.0,54,MARRUECOS,18,RAFAEL URIBE URIBE
614.0,39,QUIROGA,18,RAFAEL URIBE URIBE
613.0,39,QUIROGA,18,RAFAEL URIBE URIBE
612.0,39,QUIROGA,18,RAFAEL URIBE URIBE
611.0,53,MARCO FIDEL SUAREZ,18,RAFAEL URIBE URIBE
585.0,39,QUIROGA,18,RAFAEL URIBE URIBE
982.0,39,QUIROGA,18,RAFAEL URIBE URIBE
591.0,36,SAN JOSE,18,RAFAEL URIBE URIBE
590.0,36,SAN JOSE,18,RAFAEL URIBE URIBE
592.0,36,SAN JOSE,18,RAFAEL URIBE URIBE
615.0,39,QUIROGA,18,RAFAEL URIBE URIBE
616.0,42,VENECIA,06,TUNJUELITO
576.0,42,VENECIA,06,TUNJUELITO
617.0,42,VENECIA,06,TUNJUELITO
574.0,42,VENECIA,06,TUNJUELITO
584.0,39,QUIROGA,18,RAFAEL URIBE URIBE
581.0,38,RESTREPO,15,ANTONIO NARIÑO
582.0,38,RESTREPO,15,ANTONIO NARIÑO
504.0,38,RESTREPO,15,ANTONIO NARIÑO
593.0,34,20 DE JULIO,04,SAN CRISTOBAL
505.0,38,RESTREPO,15,ANTONIO NARIÑO
986.0,38,RESTREPO,15,ANTONIO NARIÑO
583.0,39,QUIROGA,18,RAFAEL URIBE URIBE
694.0,51,LOS LIBERTADORES,04,SAN CRISTOBAL
695.0,51,LOS LIBERTADORES,04,SAN CRISTOBAL
696.0,51,LOS LIBERTADORES,04,SAN CRISTOBAL
698.0,50,LA GLORIA,04,SAN CRISTOBAL
697.0,50,LA GLORIA,04,SAN CRISTOBAL
647.0,50,LA GLORIA,04,SAN CRISTOBAL
700.0,51,LOS LIBERTADORES,04,SAN CRISTOBAL
756.0,58,COMUNEROS,05,USME
755.0,58,COMUNEROS,05,USME
759.0,61,CIUDAD USME,05,USME
762.0,61,CIUDAD USME,05,USME
746.0,61,CIUDAD USME,05,USME
738.0,64,MONTE BLANCO,19,CIUDAD BOLIVAR
757.0,58,COMUNEROS,05,USME
758.0,64,MONTE BLANCO,19,CIUDAD BOLIVAR
685.0,60,PARQUE ENTRENUBES,05,USME
701.0,52,LA FLORA,05,USME
693.0,51,LOS LIBERTADORES,04,SAN CRISTOBAL
747.0,52,LA FLORA,05,USME
749.0,52,LA FLORA,05,USME
692.0,51,LOS LIBERTADORES,04,SAN CRISTOBAL
691.0,51,LOS LIBERTADORES,04,SAN CRISTOBAL
690.0,50,LA GLORIA,04,SAN CRISTOBAL
753.0,58,COMUNEROS,05,USME
760.0,59,ALFONSO LOPEZ,05,USME
761.0,59,ALFONSO LOPEZ,05,USME
750.0,59,ALFONSO LOPEZ,05,USME
737.0,58,COMUNEROS,05,USME
730.0,63,EL MOCHUELO,19,CIUDAD BOLIVAR
739.0,58,COMUNEROS,05,USME
734.0,57,GRAN YOMASA,05,USME
702.0,56,DANUBIO,05,USME
684.0,55,DIANA TURBAY,18,RAFAEL URIBE URIBE
682.0,55,DIANA TURBAY,18,RAFAEL URIBE URIBE
686.0,51,LOS LIBERTADORES,04,SAN CRISTOBAL
735.0,57,GRAN YOMASA,05,USME
741.0,58,COMUNEROS,05,USME
961.0,58,COMUNEROS,05,USME
744.0,57,GRAN YOMASA,05,USME
745.0,57,GRAN YOMASA,05,USME
743.0,57,GRAN YOMASA,05,USME
740.0,57,GRAN YOMASA,05,USME
736.0,57,GRAN YOMASA,05,USME
732.0,57,GRAN YOMASA,05,USME
733.0,57,GRAN YOMASA,05,USME
731.0,56,DANUBIO,05,USME
704.0,56,DANUBIO,05,USME
703.0,56,DANUBIO,05,USME
649.0,50,LA GLORIA,04,SAN CRISTOBAL
688.0,50,LA GLORIA,04,SAN CRISTOBAL
689.0,51,LOS LIBERTADORES,04,SAN CRISTOBAL
318.0,114,MODELIA,09,FONTIBON
652.0,54,MARRUECOS,18,RAFAEL URIBE URIBE
651.0,55,DIANA TURBAY,18,RAFAEL URIBE URIBE
650.0,50,LA GLORIA,04,SAN CRISTOBAL
644.0,50,LA GLORIA,04,SAN CRISTOBAL
687.0,50,LA GLORIA,04,SAN CRISTOBAL
642.0,34,20 DE JULIO,04,SAN CRISTOBAL
643.0,32,SAN BLAS,04,SAN CRISTOBAL
681.0,55,DIANA TURBAY,18,RAFAEL URIBE URIBE
705.0,63,EL MOCHUELO,19,CIUDAD BOLIVAR
706.0,63,EL MOCHUELO,19,CIUDAD BOLIVAR
729.0,68,EL TESORO,19,CIUDAD BOLIVAR
639.0,34,20 DE JULIO,04,SAN CRISTOBAL
970.0,34,20 DE JULIO,04,SAN CRISTOBAL
971.0,34,20 DE JULIO,04,SAN CRISTOBAL
594.0,34,20 DE JULIO,04,SAN CRISTOBAL
606.0,34,20 DE JULIO,04,SAN CRISTOBAL
595.0,34,20 DE JULIO,04,SAN CRISTOBAL
723.0,68,EL TESORO,19,CIUDAD BOLIVAR
725.0,68,EL TESORO,19,CIUDAD BOLIVAR
726.0,68,EL TESORO,19,CIUDAD BOLIVAR
722.0,68,EL TESORO,19,CIUDAD BOLIVAR
720.0,67,LUCERO,19,CIUDAD BOLIVAR
719.0,67,LUCERO,19,CIUDAD BOLIVAR
724.0,68,EL TESORO,19,CIUDAD BOLIVAR
727.0,68,EL TESORO,19,CIUDAD BOLIVAR
716.0,67,LUCERO,19,CIUDAD BOLIVAR
715.0,67,LUCERO,19,CIUDAD BOLIVAR
707.0,63,EL MOCHUELO,19,CIUDAD BOLIVAR
717.0,67,LUCERO,19,CIUDAD BOLIVAR
718.0,67,LUCERO,19,CIUDAD BOLIVAR
728.0,68,EL TESORO,19,CIUDAD BOLIVAR
748.0,52,LA FLORA,05,USME
751.0,59,ALFONSO LOPEZ,05,USME
742.0,57,GRAN YOMASA,05,USME
967.0,32,SAN BLAS,04,SAN CRISTOBAL
646.0,32,SAN BLAS,04,SAN CRISTOBAL
600.0,32,SAN BLAS,04,SAN CRISTOBAL
599.0,32,SAN BLAS,04,SAN CRISTOBAL
598.0,32,SAN BLAS,04,SAN CRISTOBAL
645.0,32,SAN BLAS,04,SAN CRISTOBAL
648.0,50,LA GLORIA,04,SAN CRISTOBAL
699.0,50,LA GLORIA,04,SAN CRISTOBAL
597.0,34,20 DE JULIO,04,SAN CRISTOBAL
596.0,34,20 DE JULIO,04,SAN CRISTOBAL
640.0,50,LA GLORIA,04,SAN CRISTOBAL
683.0,55,DIANA TURBAY,18,RAFAEL URIBE URIBE
972.0,50,LA GLORIA,04,SAN CRISTOBAL
603.0,32,SAN BLAS,04,SAN CRISTOBAL
601.0,32,SAN BLAS,04,SAN CRISTOBAL
529.0,82,PATIO BONITO,08,KENNEDY
414.0,82,PATIO BONITO,08,KENNEDY
413.0,79,CALANDAIMA,08,KENNEDY
994.0,78,TINTAL NORTE,08,KENNEDY
398.0,77,ZONA FRANCA,09,FONTIBON
397.0,75,FONTIBON,09,FONTIBON
317.0,112,GRANJAS DE TECHO,09,FONTIBON
955.0,112,GRANJAS DE TECHO,09,FONTIBON
392.0,112,GRANJAS DE TECHO,09,FONTIBON
255.0,99,CHAPINERO,02,CHAPINERO
848.0,97,CHICO LAGO,02,CHAPINERO
240.0,98,LOS ALCAZARES,12,BARRIOS UNIDOS
234.0,98,LOS ALCAZARES,12,BARRIOS UNIDOS
396.0,79,CALANDAIMA,08,KENNEDY
412.0,82,PATIO BONITO,08,KENNEDY
415.0,82,PATIO BONITO,08,KENNEDY
528.0,82,PATIO BONITO,08,KENNEDY
527.0,80,CORABASTOS,08,KENNEDY
391.0,46,CASTILLA,08,KENNEDY
950.0,46,CASTILLA,08,KENNEDY
998.0,115,CAPELLANIA,09,FONTIBON
305.0,115,CAPELLANIA,09,FONTIBON
314.0,75,FONTIBON,09,FONTIBON
311.0,75,FONTIBON,09,FONTIBON
312.0,75,FONTIBON,09,FONTIBON
403.0,75,FONTIBON,09,FONTIBON
239.0,98,LOS ALCAZARES,12,BARRIOS UNIDOS
236.0,98,LOS ALCAZARES,12,BARRIOS UNIDOS
235.0,98,LOS ALCAZARES,12,BARRIOS UNIDOS
231.0,98,LOS ALCAZARES,12,BARRIOS UNIDOS
232.0,98,LOS ALCAZARES,12,BARRIOS UNIDOS
324.0,112,GRANJAS DE TECHO,09,FONTIBON
388.0,113,BAVARIA,08,KENNEDY
389.0,46,CASTILLA,08,KENNEDY
417.0,47,KENNEDY CENTRAL,08,KENNEDY
408.0,46,CASTILLA,08,KENNEDY
390.0,46,CASTILLA,08,KENNEDY
526.0,47,KENNEDY CENTRAL,08,KENNEDY
409.0,46,CASTILLA,08,KENNEDY
321.0,114,MODELIA,09,FONTIBON
322.0,110,CIUDAD SALITRE OCCIDENTAL,09,FONTIBON
319.0,114,MODELIA,09,FONTIBON
954.0,114,MODELIA,09,FONTIBON
320.0,114,MODELIA,09,FONTIBON
198.0,73,GARCES NAVAS,10,ENGATIVA
200.0,30,BOYACA REAL,10,ENGATIVA
204.0,31,SANTA CECILIA,10,ENGATIVA
301.0,31,SANTA CECILIA,10,ENGATIVA
303.0,31,SANTA CECILIA,10,ENGATIVA
238.0,98,LOS ALCAZARES,12,BARRIOS UNIDOS
237.0,98,LOS ALCAZARES,12,BARRIOS UNIDOS
230.0,98,LOS ALCAZARES,12,BARRIOS UNIDOS
227.0,98,LOS ALCAZARES,12,BARRIOS UNIDOS
226.0,98,LOS ALCAZARES,12,BARRIOS UNIDOS
282.0,100,GALERIAS,13,TEUSAQUILLO
281.0,100,GALERIAS,13,TEUSAQUILLO
275.0,99,CHAPINERO,02,CHAPINERO
274.0,90,PARDO RUBIO,02,CHAPINERO
273.0,90,PARDO RUBIO,02,CHAPINERO
267.0,90,PARDO RUBIO,02,CHAPINERO
283.0,100,GALERIAS,13,TEUSAQUILLO
286.0,100,GALERIAS,13,TEUSAQUILLO
288.0,100,GALERIAS,13,TEUSAQUILLO
285.0,100,GALERIAS,13,TEUSAQUILLO
287.0,100,GALERIAS,13,TEUSAQUILLO
279.0,101,TEUSAQUILLO,13,TEUSAQUILLO
280.0,100,GALERIAS,13,TEUSAQUILLO
276.0,99,CHAPINERO,02,CHAPINERO
277.0,99,CHAPINERO,02,CHAPINERO
272.0,90,PARDO RUBIO,02,CHAPINERO
271.0,99,CHAPINERO,02,CHAPINERO
343.0,91,SAGRADO CORAZON,03,SANTA FE
290.0,106,LA ESMERALDA,13,TEUSAQUILLO
325.0,112,GRANJAS DE TECHO,09,FONTIBON
385.0,113,BAVARIA,08,KENNEDY
386.0,113,BAVARIA,08,KENNEDY
953.0,113,BAVARIA,08,KENNEDY
421.0,44,AMERICAS,08,KENNEDY
419.0,44,AMERICAS,08,KENNEDY
326.0,111,PUENTE ARANDA,16,PUENTE ARANDA
327.0,109,CIUDAD SALITRE ORIENTAL,13,TEUSAQUILLO
291.0,106,LA ESMERALDA,13,TEUSAQUILLO
220.0,103,PARQUE SALITRE,12,BARRIOS UNIDOS
219.0,103,PARQUE SALITRE,12,BARRIOS UNIDOS
218.0,22,DOCE DE OCTUBRE,12,BARRIOS UNIDOS
217.0,22,DOCE DE OCTUBRE,12,BARRIOS UNIDOS
221.0,22,DOCE DE OCTUBRE,12,BARRIOS UNIDOS
225.0,98,LOS ALCAZARES,12,BARRIOS UNIDOS
292.0,106,LA ESMERALDA,13,TEUSAQUILLO
174.0,22,DOCE DE OCTUBRE,12,BARRIOS UNIDOS
222.0,22,DOCE DE OCTUBRE,12,BARRIOS UNIDOS
295.0,106,LA ESMERALDA,13,TEUSAQUILLO
298.0,104,PARQUE SIMON BOLIVAR - CAN,13,TEUSAQUILLO
294.0,104,PARQUE SIMON BOLIVAR - CAN,13,TEUSAQUILLO
293.0,106,LA ESMERALDA,13,TEUSAQUILLO
289.0,104,PARQUE SIMON BOLIVAR - CAN,13,TEUSAQUILLO
991.0,101,TEUSAQUILLO,13,TEUSAQUILLO
278.0,101,TEUSAQUILLO,13,TEUSAQUILLO
341.0,101,TEUSAQUILLO,13,TEUSAQUILLO
344.0,101,TEUSAQUILLO,13,TEUSAQUILLO
342.0,91,SAGRADO CORAZON,03,SANTA FE
381.0,43,SAN RAFAEL,16,PUENTE ARANDA
965.0,44,AMERICAS,08,KENNEDY
422.0,44,AMERICAS,08,KENNEDY
420.0,44,AMERICAS,08,KENNEDY
520.0,45,CARVAJAL,08,KENNEDY
522.0,47,KENNEDY CENTRAL,08,KENNEDY
418.0,47,KENNEDY CENTRAL,08,KENNEDY
384.0,111,PUENTE ARANDA,16,PUENTE ARANDA
382.0,43,SAN RAFAEL,16,PUENTE ARANDA
988.0,43,SAN RAFAEL,16,PUENTE ARANDA
425.0,40,CIUDAD MONTES,16,PUENTE ARANDA
423.0,44,AMERICAS,08,KENNEDY
516.0,41,MUZU,16,PUENTE ARANDA
513.0,41,MUZU,16,PUENTE ARANDA
517.0,45,CARVAJAL,08,KENNEDY
380.0,43,SAN RAFAEL,16,PUENTE ARANDA
329.0,111,PUENTE ARANDA,16,PUENTE ARANDA
369.0,108,ZONA INDUSTRIAL,16,PUENTE ARANDA
368.0,108,ZONA INDUSTRIAL,16,PUENTE ARANDA
370.0,108,ZONA INDUSTRIAL,16,PUENTE ARANDA
374.0,43,SAN RAFAEL,16,PUENTE ARANDA
367.0,108,ZONA INDUSTRIAL,16,PUENTE ARANDA
371.0,108,ZONA INDUSTRIAL,16,PUENTE ARANDA
373.0,40,CIUDAD MONTES,16,PUENTE ARANDA
952.0,107,QUINTA PAREDES,13,TEUSAQUILLO
365.0,108,ZONA INDUSTRIAL,16,PUENTE ARANDA
364.0,108,ZONA INDUSTRIAL,16,PUENTE ARANDA
427.0,40,CIUDAD MONTES,16,PUENTE ARANDA
428.0,40,CIUDAD MONTES,16,PUENTE ARANDA
426.0,40,CIUDAD MONTES,16,PUENTE ARANDA
372.0,40,CIUDAD MONTES,16,PUENTE ARANDA
377.0,43,SAN RAFAEL,16,PUENTE ARANDA
376.0,43,SAN RAFAEL,16,PUENTE ARANDA
375.0,43,SAN RAFAEL,16,PUENTE ARANDA
506.0,40,CIUDAD MONTES,16,PUENTE ARANDA
985.0,38,RESTREPO,15,ANTONIO NARIÑO
507.0,40,CIUDAD MONTES,16,PUENTE ARANDA
510.0,41,MUZU,16,PUENTE ARANDA
515.0,41,MUZU,16,PUENTE ARANDA
514.0,41,MUZU,16,PUENTE ARANDA
512.0,41,MUZU,16,PUENTE ARANDA
575.0,42,VENECIA,06,TUNJUELITO
539.0,45,CARVAJAL,08,KENNEDY
540.0,45,CARVAJAL,08,KENNEDY
328.0,111,PUENTE ARANDA,16,PUENTE ARANDA
378.0,43,SAN RAFAEL,16,PUENTE ARANDA
330.0,107,QUINTA PAREDES,13,TEUSAQUILLO
332.0,111,PUENTE ARANDA,16,PUENTE ARANDA
379.0,43,SAN RAFAEL,16,PUENTE ARANDA
508.0,41,MUZU,16,PUENTE ARANDA
509.0,41,MUZU,16,PUENTE ARANDA
531.0,81,GRAN BRITALIA,08,KENNEDY
532.0,81,GRAN BRITALIA,08,KENNEDY
533.0,47,KENNEDY CENTRAL,08,KENNEDY
546.0,48,TIMIZA,08,KENNEDY
547.0,48,TIMIZA,08,KENNEDY
535.0,48,TIMIZA,08,KENNEDY
542.0,49,APOGEO,07,BOSA
549.0,81,GRAN BRITALIA,08,KENNEDY
989.0,80,CORABASTOS,08,KENNEDY
410.0,80,CORABASTOS,08,KENNEDY
541.0,65,ARBORIZADORA,19,CIUDAD BOLIVAR
537.0,48,TIMIZA,08,KENNEDY
525.0,47,KENNEDY CENTRAL,08,KENNEDY
524.0,48,TIMIZA,08,KENNEDY
536.0,48,TIMIZA,08,KENNEDY
534.0,47,KENNEDY CENTRAL,08,KENNEDY
523.0,47,KENNEDY CENTRAL,08,KENNEDY
538.0,45,CARVAJAL,08,KENNEDY
521.0,45,CARVAJAL,08,KENNEDY
519.0,45,CARVAJAL,08,KENNEDY
411.0,82,PATIO BONITO,08,KENNEDY
577.0,42,VENECIA,06,TUNJUELITO
578.0,39,QUIROGA,18,RAFAEL URIBE URIBE
579.0,38,RESTREPO,15,ANTONIO NARIÑO
511.0,41,MUZU,16,PUENTE ARANDA
401.0,77,ZONA FRANCA,09,FONTIBON
406.0,77,ZONA FRANCA,09,FONTIBON
400.0,75,FONTIBON,09,FONTIBON
402.0,77,ZONA FRANCA,09,FONTIBON
309.0,76,FONTIBON SAN PABLO,09,FONTIBON
399.0,75,FONTIBON,09,FONTIBON
313.0,75,FONTIBON,09,FONTIBON
315.0,75,FONTIBON,09,FONTIBON
316.0,75,FONTIBON,09,FONTIBON
307.0,115,CAPELLANIA,09,FONTIBON
268.0,99,CHAPINERO,02,CHAPINERO
270.0,90,PARDO RUBIO,02,CHAPINERO
284.0,90,PARDO RUBIO,02,CHAPINERO
347.0,92,LA MACARENA,03,SANTA FE
348.0,92,LA MACARENA,03,SANTA FE
346.0,91,SAGRADO CORAZON,03,SANTA FE
992.0,91,SAGRADO CORAZON,03,SANTA FE
349.0,92,LA MACARENA,03,SANTA FE
345.0,91,SAGRADO CORAZON,03,SANTA FE
351.0,91,SAGRADO CORAZON,03,SANTA FE
356.0,101,TEUSAQUILLO,13,TEUSAQUILLO
357.0,102,LA SABANA,14,LOS MARTIRES
360.0,102,LA SABANA,14,LOS MARTIRES
966.0,102,LA SABANA,14,LOS MARTIRES
358.0,102,LA SABANA,14,LOS MARTIRES
395.0,101,TEUSAQUILLO,13,TEUSAQUILLO
339.0,101,TEUSAQUILLO,13,TEUSAQUILLO
843.0,102,LA SABANA,14,LOS MARTIRES
363.0,102,LA SABANA,14,LOS MARTIRES
337.0,107,QUINTA PAREDES,13,TEUSAQUILLO
336.0,107,QUINTA PAREDES,13,TEUSAQUILLO
441.0,102,LA SABANA,14,LOS MARTIRES
362.0,102,LA SABANA,14,LOS MARTIRES
335.0,107,QUINTA PAREDES,13,TEUSAQUILLO
333.0,107,QUINTA PAREDES,13,TEUSAQUILLO
331.0,109,CIUDAD SALITRE ORIENTAL,13,TEUSAQUILLO
429.0,40,CIUDAD MONTES,16,PUENTE ARANDA
518.0,38,RESTREPO,15,ANTONIO NARIÑO
366.0,108,ZONA INDUSTRIAL,16,PUENTE ARANDA
483.0,96,LOURDES,03,SANTA FE
353.0,92,LA MACARENA,03,SANTA FE
338.0,101,TEUSAQUILLO,13,TEUSAQUILLO
269.0,90,PARDO RUBIO,02,CHAPINERO
171.0,21,LOS ANDES,12,BARRIOS UNIDOS
172.0,21,LOS ANDES,12,BARRIOS UNIDOS
206.0,31,SANTA CECILIA,10,ENGATIVA
205.0,31,SANTA CECILIA,10,ENGATIVA
211.0,26,LAS FERIAS,10,ENGATIVA
300.0,31,SANTA CECILIA,10,ENGATIVA
299.0,105,JARDIN BOTANICO,10,ENGATIVA
135.0,25,LA FLORESTA,11,SUBA
134.0,25,LA FLORESTA,11,SUBA
170.0,21,LOS ANDES,12,BARRIOS UNIDOS
175.0,22,DOCE DE OCTUBRE,12,BARRIOS UNIDOS
173.0,22,DOCE DE OCTUBRE,12,BARRIOS UNIDOS
176.0,26,LAS FERIAS,10,ENGATIVA
169.0,21,LOS ANDES,12,BARRIOS UNIDOS
223.0,98,LOS ALCAZARES,12,BARRIOS UNIDOS
177.0,26,LAS FERIAS,10,ENGATIVA
136.0,25,LA FLORESTA,11,SUBA
233.0,98,LOS ALCAZARES,12,BARRIOS UNIDOS
841.0,26,LAS FERIAS,10,ENGATIVA
842.0,26,LAS FERIAS,10,ENGATIVA
214.0,103,PARQUE SALITRE,12,BARRIOS UNIDOS
297.0,104,PARQUE SIMON BOLIVAR - CAN,13,TEUSAQUILLO
207.0,30,BOYACA REAL,10,ENGATIVA
203.0,30,BOYACA REAL,10,ENGATIVA
209.0,26,LAS FERIAS,10,ENGATIVA
210.0,26,LAS FERIAS,10,ENGATIVA
178.0,26,LAS FERIAS,10,ENGATIVA
131.0,29,MINUTO DE DIOS,10,ENGATIVA
181.0,30,BOYACA REAL,10,ENGATIVA
182.0,30,BOYACA REAL,10,ENGATIVA
202.0,30,BOYACA REAL,10,ENGATIVA
179.0,26,LAS FERIAS,10,ENGATIVA
216.0,22,DOCE DE OCTUBRE,12,BARRIOS UNIDOS
215.0,22,DOCE DE OCTUBRE,12,BARRIOS UNIDOS
208.0,26,LAS FERIAS,10,ENGATIVA
180.0,26,LAS FERIAS,10,ENGATIVA
296.0,104,PARQUE SIMON BOLIVAR - CAN,13,TEUSAQUILLO
124.0,29,MINUTO DE DIOS,10,ENGATIVA
130.0,29,MINUTO DE DIOS,10,ENGATIVA
128.0,29,MINUTO DE DIOS,10,ENGATIVA
228.0,98,LOS ALCAZARES,12,BARRIOS UNIDOS
229.0,98,LOS ALCAZARES,12,BARRIOS UNIDOS
163.0,97,CHICO LAGO,02,CHAPINERO
137.0,25,LA FLORESTA,11,SUBA
249.0,90,PARDO RUBIO,02,CHAPINERO
159.0,89,SAN ISIDRO - PATIOS,02,CHAPINERO
161.0,89,SAN ISIDRO - PATIOS,02,CHAPINERO
160.0,89,SAN ISIDRO - PATIOS,02,CHAPINERO
162.0,88,EL REFUGIO,02,CHAPINERO
8.0,2,LA ACADEMIA,11,SUBA
855.0,17,SAN JOSE DE BAVARIA,11,SUBA
958.0,2,LA ACADEMIA,11,SUBA
960.0,3,GUAYMARAL,11,SUBA
959.0,1,PASEO DE LOS LIBERTADORES,01,USAQUEN
6.0,1,PASEO DE LOS LIBERTADORES,01,USAQUEN
5.0,1,PASEO DE LOS LIBERTADORES,01,USAQUEN
27.0,17,SAN JOSE DE BAVARIA,11,SUBA
29.0,18,BRITALIA,11,SUBA
9.0,17,SAN JOSE DE BAVARIA,11,SUBA
956.0,9,VERBENAL,01,USAQUEN
957.0,1,PASEO DE LOS LIBERTADORES,01,USAQUEN
47.0,18,BRITALIA,11,SUBA
48.0,18,BRITALIA,11,SUBA
49.0,18,BRITALIA,11,SUBA
64.0,19,EL PRADO,11,SUBA
65.0,19,EL PRADO,11,SUBA
50.0,18,BRITALIA,11,SUBA
53.0,12,TOBERIN,01,USAQUEN
52.0,12,TOBERIN,01,USAQUEN
54.0,12,TOBERIN,01,USAQUEN
61.0,12,TOBERIN,01,USAQUEN
22.0,10,LA URIBE,01,USAQUEN
21.0,10,LA URIBE,01,USAQUEN
55.0,10,LA URIBE,01,USAQUEN
56.0,11,SAN CRISTOBAL NORTE,01,USAQUEN
59.0,11,SAN CRISTOBAL NORTE,01,USAQUEN
60.0,11,SAN CRISTOBAL NORTE,01,USAQUEN
23.0,9,VERBENAL,01,USAQUEN
17.0,10,LA URIBE,01,USAQUEN
116.0,71,TIBABUYES,11,SUBA
117.0,71,TIBABUYES,11,SUBA
118.0,71,TIBABUYES,11,SUBA
115.0,71,TIBABUYES,11,SUBA
114.0,71,TIBABUYES,11,SUBA
113.0,71,TIBABUYES,11,SUBA
110.0,28,EL RINCON,11,SUBA
106.0,28,EL RINCON,11,SUBA
109.0,28,EL RINCON,11,SUBA
111.0,28,EL RINCON,11,SUBA
108.0,28,EL RINCON,11,SUBA
90.0,19,EL PRADO,11,SUBA
14.0,9,VERBENAL,01,USAQUEN
13.0,9,VERBENAL,01,USAQUEN
16.0,9,VERBENAL,01,USAQUEN
15.0,9,VERBENAL,01,USAQUEN
12.0,9,VERBENAL,01,USAQUEN
11.0,9,VERBENAL,01,USAQUEN
77.0,13,LOS CEDROS,01,USAQUEN
63.0,13,LOS CEDROS,01,USAQUEN
26.0,10,LA URIBE,01,USAQUEN
25.0,10,LA URIBE,01,USAQUEN
24.0,9,VERBENAL,01,USAQUEN
817.0,,,,
939.0,58,COMUNEROS,05,USME
754.0,58,COMUNEROS,05,USME
940.0,66,SAN FRANCISCO,19,CIUDAD BOLIVAR
942.0,42,VENECIA,06,TUNJUELITO
943.0,69,ISMAEL PERDOMO,19,CIUDAD BOLIVAR
944.0,69,ISMAEL PERDOMO,19,CIUDAD BOLIVAR
571.0,69,ISMAEL PERDOMO,19,CIUDAD BOLIVAR
946.0,49,APOGEO,07,BOSA
562.0,85,BOSA CENTRAL,07,BOSA
948.0,48,TIMIZA,08,KENNEDY
949.0,83,LAS MARGARITAS,08,KENNEDY
394.0,46,CASTILLA,08,KENNEDY
951.0,44,AMERICAS,08,KENNEDY
844.0,107,QUINTA PAREDES,13,TEUSAQUILLO
387.0,113,BAVARIA,08,KENNEDY
323.0,112,GRANJAS DE TECHO,09,FONTIBON
752.0,58,COMUNEROS,05,USME
962.0,67,LUCERO,19,CIUDAD BOLIVAR
626.0,70,JERUSALEM,19,CIUDAD BOLIVAR
941.0,42,VENECIA,06,TUNJUELITO
964.0,48,TIMIZA,08,KENNEDY
383.0,44,AMERICAS,08,KENNEDY
359.0,102,LA SABANA,14,LOS MARTIRES
605.0,32,SAN BLAS,04,SAN CRISTOBAL
496.0,33,SOSIEGO,04,SAN CRISTOBAL
495.0,33,SOSIEGO,04,SAN CRISTOBAL
608.0,34,20 DE JULIO,04,SAN CRISTOBAL
607.0,34,20 DE JULIO,04,SAN CRISTOBAL
641.0,50,LA GLORIA,04,SAN CRISTOBAL
653.0,54,MARRUECOS,18,RAFAEL URIBE URIBE
974.0,54,MARRUECOS,18,RAFAEL URIBE URIBE
610.0,36,SAN JOSE,18,RAFAEL URIBE URIBE
976.0,53,MARCO FIDEL SUAREZ,18,RAFAEL URIBE URIBE
635.0,53,MARCO FIDEL SUAREZ,18,RAFAEL URIBE URIBE
656.0,54,MARRUECOS,18,RAFAEL URIBE URIBE
978.0,54,MARRUECOS,18,RAFAEL URIBE URIBE
980.0,56,DANUBIO,05,USME
981.0,36,SAN JOSE,18,RAFAEL URIBE URIBE
589.0,39,QUIROGA,18,RAFAEL URIBE URIBE
983.0,39,QUIROGA,18,RAFAEL URIBE URIBE
984.0,38,RESTREPO,15,ANTONIO NARIÑO
580.0,38,RESTREPO,15,ANTONIO NARIÑO
503.0,38,RESTREPO,15,ANTONIO NARIÑO
633.0,42,VENECIA,06,TUNJUELITO
424.0,43,SAN RAFAEL,16,PUENTE ARANDA
416.0,80,CORABASTOS,08,KENNEDY
990.0,46,CASTILLA,08,KENNEDY
340.0,101,TEUSAQUILLO,13,TEUSAQUILLO
352.0,91,SAGRADO CORAZON,03,SANTA FE
354.0,93,LAS NIEVES,03,SANTA FE
995.0,78,TINTAL NORTE,08,KENNEDY
393.0,78,TINTAL NORTE,08,KENNEDY
996.0,110,CIUDAD SALITRE OCCIDENTAL,09,FONTIBON
997.0,109,CIUDAD SALITRE ORIENTAL,13,TEUSAQUILLO
999.0,115,CAPELLANIA,09,FONTIBON
306.0,115,CAPELLANIA,09,FONTIBON
835.0,74,ENGATIVA,10,ENGATIVA
42.0,27,SUBA,11,SUBA
43.0,23,CASA BLANCA SUBA,11,SUBA
838.0,23,CASA BLANCA SUBA,11,SUBA
94.0,24,NIZA,11,SUBA
32.0,27,SUBA,11,SUBA
212.0,26,LAS FERIAS,10,ENGATIVA
213.0,26,LAS FERIAS,10,ENGATIVA
361.0,102,LA SABANA,14,LOS MARTIRES
334.0,107,QUINTA PAREDES,13,TEUSAQUILLO
845.0,90,PARDO RUBIO,02,CHAPINERO
846.0,100,GALERIAS,13,TEUSAQUILLO
247.0,97,CHICO LAGO,02,CHAPINERO
254.0,97,CHICO LAGO,02,CHAPINERO
166.0,97,CHICO LAGO,02,CHAPINERO
144.0,16,SANTA BARBARA,01,USAQUEN
145.0,16,SANTA BARBARA,01,USAQUEN
146.0,16,SANTA BARBARA,01,USAQUEN
853.0,20,LA ALHAMBRA,11,SUBA
58.0,11,SAN CRISTOBAL NORTE,01,USAQUEN
28.0,17,SAN JOSE DE BAVARIA,11,SUBA
10.0,9,VERBENAL,01,USAQUEN
7.0,1,PASEO DE LOS LIBERTADORES,01,USAQUEN
4.0,2,LA ACADEMIA,11,SUBA
3.0,1,PASEO DE LOS LIBERTADORES,01,USAQUEN
2.0,3,GUAYMARAL,11,SUBA
141.0,20,LA ALHAMBRA,11,SUBA
905.0,,,,
903.0,,,,
917.0,,,,
908.0,,,,
913.0,,,,
914.0,,,,
930.0,,,,
915.0,,,,
912.0,,,,
911.0,,,,
1500.0,,,,
928.0,,,,
926.0,,,,
906.0,,,,
927.0,71,TIBABUYES,11,SUBA
923.0,71,TIBABUYES,11,SUBA
935.0,1,PASEO DE LOS LIBERTADORES,01,USAQUEN
907.0,,,,
909.0,,,,
936.0,,,,
910.0,,,,
929.0,,,,
790.0,,,,
932.0,85,BOSA CENTRAL,07,BOSA
931.0,,,,
933.0,,,,
1000.0,61,CIUDAD USME,05,USME
1001.0,61,CIUDAD USME,05,USME
1002.0,61,CIUDAD USME,05,USME
1003.0,87,TINTAL SUR,07,BOSA
1004.0,87,TINTAL SUR,07,BOSA
1005.0,87,TINTAL SUR,07,BOSA
1006.0,86,EL PORVENIR,07,BOSA
1007.0,112,GRANJAS DE TECHO,09,FONTIBON
1008.0,104,PARQUE SIMON BOLIVAR - CAN,13,TEUSAQUILLO
1010.0,1,PASEO DE LOS LIBERTADORES,01,USAQUEN
1011.0,1,PASEO DE LOS LIBERTADORES,01,USAQUEN
1012.0,1,PASEO DE LOS LIBERTADORES,01,USAQUEN
1013.0,1,PASEO DE LOS LIBERTADORES,01,USAQUEN
1014.0,1,PASEO DE LOS LIBERTADORES,01,USAQUEN
1016.0,1,PASEO DE LOS LIBERTADORES,01,USAQUEN
1071.0,1,PASEO DE LOS LIBERTADORES,01,USAQUEN
1015.0,1,PASEO DE LOS LIBERTADORES,01,USAQUEN
1063.0,1,PASEO DE LOS LIBERTADORES,01,USAQUEN
1017.0,3,GUAYMARAL,11,SUBA
1018.0,3,GUAYMARAL,11,SUBA
1019.0,3,GUAYMARAL,11,SUBA
1020.0,3,GUAYMARAL,11,SUBA
1021.0,2,LA ACADEMIA,11,SUBA
1022.0,2,LA ACADEMIA,11,SUBA
1023.0,17,SAN JOSE DE BAVARIA,11,SUBA
1024.0,2,LA ACADEMIA,11,SUBA
1025.0,24,NIZA,11,SUBA
1026.0,23,CASA BLANCA SUBA,11,SUBA
1053.0,1,PASEO DE LOS LIBERTADORES,01,USAQUEN
1027.0,78,TINTAL NORTE,08,KENNEDY
1028.0,27,SUBA,11,SUBA
1029.0,64,MONTE BLANCO,19,CIUDAD BOLIVAR
1030.0,52,LA FLORA,05,USME
1032.0,56,DANUBIO,05,USME
1033.0,78,TINTAL NORTE,08,KENNEDY
1034.0,78,TINTAL NORTE,08,KENNEDY
1035.0,79,CALANDAIMA,08,KENNEDY
1036.0,2,LA ACADEMIA,11,SUBA
1037.0,2,LA ACADEMIA,11,SUBA
1009.0,2,LA ACADEMIA,11,SUBA
1038.0,2,LA ACADEMIA,11,SUBA
1039.0,2,LA ACADEMIA,11,SUBA
1040.0,3,GUAYMARAL,11,SUBA
1041.0,,,,
1042.0,3,GUAYMARAL,11,SUBA
1070.0,,,,
1043.0,2,LA ACADEMIA,11,SUBA
1044.0,,,,
1045.0,,,,
1046.0,,,,
1047.0,,,,
1048.0,72,BOLIVIA,10,ENGATIVA
1049.0,72,BOLIVIA,10,ENGATIVA
1050.0,64,MONTE BLANCO,19,CIUDAD BOLIVAR
1051.0,64,MONTE BLANCO,19,CIUDAD BOLIVAR
1052.0,61,CIUDAD USME,05,USME
1054.0,71,TIBABUYES,11,SUBA
1055.0,,,,
1056.0,,,,
1057.0,,,,
1058.0,,,,
1059.0,1,PASEO DE LOS LIBERTADORES,01,USAQUEN
1060.0,,,,
1061.0,,,,
1062.0,,,,
1064.0,,,,
1065.0,27,SUBA,11,SUBA
1066.0,27,SUBA,11,SUBA
1067.0,62,TUNJUELITO,06,TUNJUELITO
1068.0,56,DANUBIO,05,USME
1069.0,2,LA ACADEMIA,11,SUBA
1072.0,,,,
1074.0,,,,
1075.0,,,,
1076.0,,,,
1073.0,,,,
1800.0,,,,
1801.0,,,,
1802.0,,,,
1803.0,,,,
1804.0,,,,
1805.0,,,,
1806.0,,,,
1807.0,,,,
1808.0,,,,
1809.0,,,,
1810.0,,,,
1600.0,,,,
1601.0,,,,
1602.0,,,,
1603.0,,,,
1604.0,,,,
1605.0,,,,
1606.0,,,,
1607.0,,,,
1608.0,,,,
1609.0,,,,
1610.0,,,,
1611.0,,,,
1612.0,,,,
1613.0,,,,
1614.0,,,,
1615.0,,,,
1616.0,,,,
1617.0,,,,
1501.0,,,,
1502.0,,,,
1503.0,,,,
1504.0,,,,
1505.0,,,,
1506.0,,,,
1507.0,,,,
1508.0,,,,
1509.0,,,,
1510.0,,,,
1511.0,,,,
1512.0,,,,
1513.0,,,,
1514.0,,,,
1515.0,,,,
1516.0,,,,
1517.0,,,,
1518.0,,,,
1519.0,,,,
1520.0,,,,
1811.0,,,,
1812.0,,,,
1813.0,,,,
1814.0,,,,
1815.0,,,,
1816.0,,,,
1817.0,,,,
1818.0,,,,
1819.0,,,,
1820.0,,,,
1821.0,,,,
1822.0,,,,
1823.0,,,,
1618.0,,,,
1521.0,,,,
1522.0,77,ZONA FRANCA,09,FONTIBON
1619.0,76,FONTIBON SAN PABLO,09,FONTIBON
1620.0,117,AEROPUERTO EL DORADO,09,FONTIBON
1621.0,,,,
1622.0,,,,
1700.0,,,,
1701.0,,,,
1702.0,,,,
1703.0,,,,
1704.0,,,,
1705.0,,,,
1706.0,,,,
1708.0,,,,
1709.0,,,,
1710.0,,,,
1711.0,,,,
1712.0,,,,
1713.0,,,,
1714.0,,,,
1715.0,,,,
1716.0,,,,
1717.0,,,,
1718.0,,,,
1719.0,,,,
1720.0,,,,
1721.0,,,,
1722.0,,,,
1723.0,,,,
1824.0,,,,
1825.0,,,,
1826.0,,,,
1830.0,,,,
1828.0,,,,
1827.0,,,,
1845.0,,,,
1724.0,,,,
1725.0,,,,
1726.0,,,,
1728.0,,,,
1523.0,,,,
1831.0,,,,
938.0,,,,
1524.0,,,,
1525.0,,,,
791.0,77,ZONA FRANCA,09,FONTIBON
1727.0,,,,
1526.0,,,,
1527.0,,,,
1530.0,,,,
1528.0,,,,
1529.0,,,,
1729.0,,,,
1840.0,,,,
794.0,,,,
934.0,,,,
1842.0,,,,
937.0,,,,
806.0,,,,
1843.0,,,,
1844.0,,,,
813.0,,,,
1846.0,,,,
1906.0,,,,
1907.0,,,,
1904.0,,,,
1905.0,,,,
1901.0,,,,
1902.0,,,,
1900.0,,,,
1908.0,87,TINTAL SUR,07,BOSA
1141.0,9,VERBENAL,01,USAQUEN
481.0,96,LOURDES,03,SANTA FE
1031.0,57,GRAN YOMASA,05,USME
673.0,66,SAN FRANCISCO,19,CIUDAD BOLIVAR
763.0,61,CIUDAD USME,05,USME
767.0,,,,
773.0,,,,
921.0,,,,
789.0,,,,
1903.0,,,,
404.0,77,ZONA FRANCA,09,FONTIBON
